                                      1 ;--------------------------------------------------------
                                      2 ; File Created by SDCC : free open source ANSI-C Compiler
                                      3 ; Version 4.2.0 #13081 (Linux)
                                      4 ;--------------------------------------------------------
                                      5 	.module usb
                                      6 	.optsdcc -mmcs51 --model-small
                                      7
                                      8 ;--------------------------------------------------------
                                      9 ; Public variables in this module
                                     10 ;--------------------------------------------------------
                                     11 	.globl _SetDMA_PARM_3
                                     12 	.globl _SetDMA_PARM_2
                                     13 	.globl _HandleUSBEvents
                                     14 	.globl _ep_isr
                                     15 	.globl _usb_isr
                                     16 	.globl _InitUSB
                                     17 	.globl _SendData1
                                     18 	.globl _SendData0
                                     19 	.globl _SendControlResponse
                                     20 	.globl _SetDMA
                                     21 	.globl _HandleVendorRequest
                                     22 	.globl _HandleClassRequest
                                     23 	.globl _HandleStandardRequest
                                     24 	.globl _HandleCDB
                                     25 	.globl _RI
                                     26 	.globl _TI
                                     27 	.globl _RB8
                                     28 	.globl _TB8
                                     29 	.globl _REN
                                     30 	.globl _SM2
                                     31 	.globl _SM1
                                     32 	.globl _SM0
                                     33 	.globl _RXD
                                     34 	.globl _TXD
                                     35 	.globl _INT0
                                     36 	.globl _INT1
                                     37 	.globl _T0
                                     38 	.globl _T1
                                     39 	.globl _WR
                                     40 	.globl _RD
                                     41 	.globl _PX0
                                     42 	.globl _PT0
                                     43 	.globl _PX1
                                     44 	.globl _PT1
                                     45 	.globl _PS
                                     46 	.globl _EX0
                                     47 	.globl _ET0
                                     48 	.globl _EX1
                                     49 	.globl _ET1
                                     50 	.globl _ES
                                     51 	.globl _EA
                                     52 	.globl _IT0
                                     53 	.globl _IE0
                                     54 	.globl _IT1
                                     55 	.globl _IE1
                                     56 	.globl _TR0
                                     57 	.globl _TF0
                                     58 	.globl _TR1
                                     59 	.globl _TF1
                                     60 	.globl _P
                                     61 	.globl _OV
                                     62 	.globl _RS0
                                     63 	.globl _RS1
                                     64 	.globl _F0
                                     65 	.globl _AC
                                     66 	.globl _CY
                                     67 	.globl _SBUF
                                     68 	.globl _SCON
                                     69 	.globl _IP
                                     70 	.globl _IE
                                     71 	.globl _TH1
                                     72 	.globl _TH0
                                     73 	.globl _TL1
                                     74 	.globl _TL0
                                     75 	.globl _TMOD
                                     76 	.globl _TCON
                                     77 	.globl _PCON
                                     78 	.globl _DPH
                                     79 	.globl _DPL
                                     80 	.globl _SP
                                     81 	.globl _B
                                     82 	.globl _ACC
                                     83 	.globl _PSW
                                     84 	.globl _P3
                                     85 	.globl _P2
                                     86 	.globl _P1
                                     87 	.globl _P0
                                     88 	.globl _usb_have_csw_ready
                                     89 	.globl _usb_received_data_ready
                                     90 	.globl _usb_buffer
                                     91 	.globl _PRAMCTL
                                     92 	.globl _BANK2PAH
                                     93 	.globl _BANK2PAL
                                     94 	.globl _BANK2VA
                                     95 	.globl _BANK1PAH
                                     96 	.globl _BANK1PAL
                                     97 	.globl _BANK1VA
                                     98 	.globl _BANK0PAH
                                     99 	.globl _BANK0PAL
                                    100 	.globl _WARMSTATUS
                                    101 	.globl _GPIO0OUT
                                    102 	.globl _GPIO0DIR
                                    103 	.globl _DMACMD
                                    104 	.globl _DMAFILL3
                                    105 	.globl _DMAFILL2
                                    106 	.globl _DMAFILL1
                                    107 	.globl _DMAFILL0
                                    108 	.globl _DMASIZEH
                                    109 	.globl _DMASIZEM
                                    110 	.globl _DMASIZEL
                                    111 	.globl _DMADSTH
                                    112 	.globl _DMADSTM
                                    113 	.globl _DMADSTL
                                    114 	.globl _DMASRCH
                                    115 	.globl _DMASRCM
                                    116 	.globl _DMASRCL
                                    117 	.globl _NANDCSDIR
                                    118 	.globl _NANDCSOUT
                                    119 	.globl _EP4
                                    120 	.globl _EP3
                                    121 	.globl _EP2
                                    122 	.globl _EP1
                                    123 	.globl _EP0
                                    124 	.globl _SETUPDAT
                                    125 	.globl _EP0CS
                                    126 	.globl _EPIE
                                    127 	.globl _EPIRQ
                                    128 	.globl _USBIRQ
                                    129 	.globl _USBSTAT
                                    130 	.globl _USBCTL
                                    131 	.globl _REGBANK
                                    132 	.globl _SendData1_PARM_2
                                    133 	.globl _SendData0_PARM_2
                                    134 	.globl _usb_speed
                                    135 	.globl _wLength
                                    136 	.globl _wIndex
                                    137 	.globl _wValue
                                    138 	.globl _bRequest
                                    139 	.globl _bmRequestType
                                    140 ;--------------------------------------------------------
                                    141 ; special function registers
                                    142 ;--------------------------------------------------------
                                    143 	.area RSEG    (ABS,DATA)
      000000                        144 	.org 0x0000
                           000080   145 _P0	=	0x0080
                           000090   146 _P1	=	0x0090
                           0000A0   147 _P2	=	0x00a0
                           0000B0   148 _P3	=	0x00b0
                           0000D0   149 _PSW	=	0x00d0
                           0000E0   150 _ACC	=	0x00e0
                           0000F0   151 _B	=	0x00f0
                           000081   152 _SP	=	0x0081
                           000082   153 _DPL	=	0x0082
                           000083   154 _DPH	=	0x0083
                           000087   155 _PCON	=	0x0087
                           000088   156 _TCON	=	0x0088
                           000089   157 _TMOD	=	0x0089
                           00008A   158 _TL0	=	0x008a
                           00008B   159 _TL1	=	0x008b
                           00008C   160 _TH0	=	0x008c
                           00008D   161 _TH1	=	0x008d
                           0000A8   162 _IE	=	0x00a8
                           0000B8   163 _IP	=	0x00b8
                           000098   164 _SCON	=	0x0098
                           000099   165 _SBUF	=	0x0099
                                    166 ;--------------------------------------------------------
                                    167 ; special function bits
                                    168 ;--------------------------------------------------------
                                    169 	.area RSEG    (ABS,DATA)
      000000                        170 	.org 0x0000
                           0000D7   171 _CY	=	0x00d7
                           0000D6   172 _AC	=	0x00d6
                           0000D5   173 _F0	=	0x00d5
                           0000D4   174 _RS1	=	0x00d4
                           0000D3   175 _RS0	=	0x00d3
                           0000D2   176 _OV	=	0x00d2
                           0000D0   177 _P	=	0x00d0
                           00008F   178 _TF1	=	0x008f
                           00008E   179 _TR1	=	0x008e
                           00008D   180 _TF0	=	0x008d
                           00008C   181 _TR0	=	0x008c
                           00008B   182 _IE1	=	0x008b
                           00008A   183 _IT1	=	0x008a
                           000089   184 _IE0	=	0x0089
                           000088   185 _IT0	=	0x0088
                           0000AF   186 _EA	=	0x00af
                           0000AC   187 _ES	=	0x00ac
                           0000AB   188 _ET1	=	0x00ab
                           0000AA   189 _EX1	=	0x00aa
                           0000A9   190 _ET0	=	0x00a9
                           0000A8   191 _EX0	=	0x00a8
                           0000BC   192 _PS	=	0x00bc
                           0000BB   193 _PT1	=	0x00bb
                           0000BA   194 _PX1	=	0x00ba
                           0000B9   195 _PT0	=	0x00b9
                           0000B8   196 _PX0	=	0x00b8
                           0000B7   197 _RD	=	0x00b7
                           0000B6   198 _WR	=	0x00b6
                           0000B5   199 _T1	=	0x00b5
                           0000B4   200 _T0	=	0x00b4
                           0000B3   201 _INT1	=	0x00b3
                           0000B2   202 _INT0	=	0x00b2
                           0000B1   203 _TXD	=	0x00b1
                           0000B0   204 _RXD	=	0x00b0
                           00009F   205 _SM0	=	0x009f
                           00009E   206 _SM1	=	0x009e
                           00009D   207 _SM2	=	0x009d
                           00009C   208 _REN	=	0x009c
                           00009B   209 _TB8	=	0x009b
                           00009A   210 _RB8	=	0x009a
                           000099   211 _TI	=	0x0099
                           000098   212 _RI	=	0x0098
                                    213 ;--------------------------------------------------------
                                    214 ; overlayable register banks
                                    215 ;--------------------------------------------------------
                                    216 	.area REG_BANK_0	(REL,OVR,DATA)
      000000                        217 	.ds 8
                                    218 ;--------------------------------------------------------
                                    219 ; internal ram data
                                    220 ;--------------------------------------------------------
                                    221 	.area DSEG    (DATA)
      000000                        222 _bmRequestType::
      000000                        223 	.ds 1
      000001                        224 _bRequest::
      000001                        225 	.ds 1
      000002                        226 _wValue::
      000002                        227 	.ds 2
      000004                        228 _wIndex::
      000004                        229 	.ds 2
      000006                        230 _wLength::
      000006                        231 	.ds 2
      000008                        232 _usb_speed::
      000008                        233 	.ds 1
      000009                        234 _SendData0_PARM_2:
      000009                        235 	.ds 1
      00000A                        236 _SendData1_PARM_2:
      00000A                        237 	.ds 1
                                    238 ;--------------------------------------------------------
                                    239 ; overlayable items in internal ram
                                    240 ;--------------------------------------------------------
                                    241 	.area	OSEG    (OVR,DATA)
      000000                        242 _SetDMA_PARM_2:
      000000                        243 	.ds 1
      000001                        244 _SetDMA_PARM_3:
      000001                        245 	.ds 1
                                    246 	.area	OSEG    (OVR,DATA)
                                    247 ;--------------------------------------------------------
                                    248 ; indirectly addressable internal ram data
                                    249 ;--------------------------------------------------------
                                    250 	.area ISEG    (DATA)
                                    251 ;--------------------------------------------------------
                                    252 ; absolute internal ram data
                                    253 ;--------------------------------------------------------
                                    254 	.area IABS    (ABS,DATA)
                                    255 	.area IABS    (ABS,DATA)
                                    256 ;--------------------------------------------------------
                                    257 ; bit data
                                    258 ;--------------------------------------------------------
                                    259 	.area BSEG    (BIT)
                                    260 ;--------------------------------------------------------
                                    261 ; paged external ram data
                                    262 ;--------------------------------------------------------
                                    263 	.area PSEG    (PAG,XDATA)
                                    264 ;--------------------------------------------------------
                                    265 ; external ram data
                                    266 ;--------------------------------------------------------
                                    267 	.area XSEG    (XDATA)
                           00F000   268 _REGBANK	=	0xf000
                           00F008   269 _USBCTL	=	0xf008
                           00F009   270 _USBSTAT	=	0xf009
                           00F027   271 _USBIRQ	=	0xf027
                           00F020   272 _EPIRQ	=	0xf020
                           00F030   273 _EPIE	=	0xf030
                           00F048   274 _EP0CS	=	0xf048
                           00F0B8   275 _SETUPDAT	=	0xf0b8
                           00F1C0   276 _EP0	=	0xf1c0
                           00F200   277 _EP1	=	0xf200
                           00F240   278 _EP2	=	0xf240
                           00F280   279 _EP3	=	0xf280
                           00F2C0   280 _EP4	=	0xf2c0
                           00F608   281 _NANDCSOUT	=	0xf608
                           00F618   282 _NANDCSDIR	=	0xf618
                           00F900   283 _DMASRCL	=	0xf900
                           00F901   284 _DMASRCM	=	0xf901
                           00F902   285 _DMASRCH	=	0xf902
                           00F904   286 _DMADSTL	=	0xf904
                           00F905   287 _DMADSTM	=	0xf905
                           00F906   288 _DMADSTH	=	0xf906
                           00F908   289 _DMASIZEL	=	0xf908
                           00F909   290 _DMASIZEM	=	0xf909
                           00F90A   291 _DMASIZEH	=	0xf90a
                           00F90C   292 _DMAFILL0	=	0xf90c
                           00F90D   293 _DMAFILL1	=	0xf90d
                           00F90E   294 _DMAFILL2	=	0xf90e
                           00F90F   295 _DMAFILL3	=	0xf90f
                           00F930   296 _DMACMD	=	0xf930
                           00FA14   297 _GPIO0DIR	=	0xfa14
                           00FA15   298 _GPIO0OUT	=	0xfa15
                           00FA38   299 _WARMSTATUS	=	0xfa38
                           00FA40   300 _BANK0PAL	=	0xfa40
                           00FA41   301 _BANK0PAH	=	0xfa41
                           00FA42   302 _BANK1VA	=	0xfa42
                           00FA43   303 _BANK1PAL	=	0xfa43
                           00FA44   304 _BANK1PAH	=	0xfa44
                           00FA45   305 _BANK2VA	=	0xfa45
                           00FA46   306 _BANK2PAL	=	0xfa46
                           00FA47   307 _BANK2PAH	=	0xfa47
                           00FA48   308 _PRAMCTL	=	0xfa48
                           000000   309 _usb_buffer	=	0x0000
      000000                        310 _usb_irq:
      000000                        311 	.ds 1
      000001                        312 _UsbIntStsF080:
      000001                        313 	.ds 1
      000002                        314 _UsbIntStsF082:
      000002                        315 	.ds 1
      000003                        316 _UsbIntStsF086:
      000003                        317 	.ds 1
      000004                        318 _UsbIntStsF087:
      000004                        319 	.ds 1
      000005                        320 _usb_received_data_ready::
      000005                        321 	.ds 1
      000006                        322 _usb_have_csw_ready::
      000006                        323 	.ds 1
                                    324 ;--------------------------------------------------------
                                    325 ; absolute external ram data
                                    326 ;--------------------------------------------------------
                                    327 	.area XABS    (ABS,XDATA)
                                    328 ;--------------------------------------------------------
                                    329 ; external initialized ram data
                                    330 ;--------------------------------------------------------
                                    331 	.area XISEG   (XDATA)
                                    332 	.area HOME    (CODE)
                                    333 	.area GSINIT0 (CODE)
                                    334 	.area GSINIT1 (CODE)
                                    335 	.area GSINIT2 (CODE)
                                    336 	.area GSINIT3 (CODE)
                                    337 	.area GSINIT4 (CODE)
                                    338 	.area GSINIT5 (CODE)
                                    339 	.area GSINIT  (CODE)
                                    340 	.area GSFINAL (CODE)
                                    341 	.area CSEG    (CODE)
                                    342 ;--------------------------------------------------------
                                    343 ; global & static initialisations
                                    344 ;--------------------------------------------------------
                                    345 	.area HOME    (CODE)
                                    346 	.area GSINIT  (CODE)
                                    347 	.area GSFINAL (CODE)
                                    348 	.area GSINIT  (CODE)
                                    349 ;--------------------------------------------------------
                                    350 ; Home
                                    351 ;--------------------------------------------------------
                                    352 	.area HOME    (CODE)
                                    353 	.area HOME    (CODE)
                                    354 ;--------------------------------------------------------
                                    355 ; code
                                    356 ;--------------------------------------------------------
                                    357 	.area CSEG    (CODE)
                                    358 ;------------------------------------------------------------
                                    359 ;Allocation info for local variables in function 'SetDMA'
                                    360 ;------------------------------------------------------------
                                    361 ;p3                        Allocated with name '_SetDMA_PARM_2'
                                    362 ;px                        Allocated with name '_SetDMA_PARM_3'
                                    363 ;p5                        Allocated to registers r7
                                    364 ;------------------------------------------------------------
                                    365 ;	usb.c:34: void SetDMA(BYTE p5, BYTE p3, BYTE px)
                                    366 ;	-----------------------------------------
                                    367 ;	 function SetDMA
                                    368 ;	-----------------------------------------
      000000                        369 _SetDMA:
                           000007   370 	ar7 = 0x07
                           000006   371 	ar6 = 0x06
                           000005   372 	ar5 = 0x05
                           000004   373 	ar4 = 0x04
                           000003   374 	ar3 = 0x03
                           000002   375 	ar2 = 0x02
                           000001   376 	ar1 = 0x01
                           000000   377 	ar0 = 0x00
      000000 AF 82            [24]  378 	mov	r7,dpl
                                    379 ;	usb.c:36: XVAL(0xF80B) = 0;
      000002 90 F8 0B         [24]  380 	mov	dptr,#0xf80b
      000005 E4               [12]  381 	clr	a
      000006 F0               [24]  382 	movx	@dptr,a
                                    383 ;	usb.c:37: XVAL(0xF80C) = p5-1;
      000007 1F               [12]  384 	dec	r7
      000008 90 F8 0C         [24]  385 	mov	dptr,#0xf80c
      00000B EF               [12]  386 	mov	a,r7
      00000C F0               [24]  387 	movx	@dptr,a
                                    388 ;	usb.c:39: switch(px)
      00000D E4               [12]  389 	clr	a
      00000E B5*01 02         [24]  390 	cjne	a,_SetDMA_PARM_3,00120$
      000011 80 0E            [24]  391 	sjmp	00101$
      000013                        392 00120$:
      000013 74 01            [12]  393 	mov	a,#0x01
      000015 B5*01 02         [24]  394 	cjne	a,_SetDMA_PARM_3,00121$
      000018 80 14            [24]  395 	sjmp	00102$
      00001A                        396 00121$:
      00001A 74 02            [12]  397 	mov	a,#0x02
                                    398 ;	usb.c:41: case 0:
      00001C B5*01 1C         [24]  399 	cjne	a,_SetDMA_PARM_3,00106$
      00001F 80 14            [24]  400 	sjmp	00103$
      000021                        401 00101$:
                                    402 ;	usb.c:43: XVAL(0xF80D) = p3;
      000021 90 F8 0D         [24]  403 	mov	dptr,#0xf80d
      000024 E5*00            [12]  404 	mov	a,_SetDMA_PARM_2
      000026 F0               [24]  405 	movx	@dptr,a
                                    406 ;	usb.c:44: XVAL(0xF80E) = p3;
      000027 90 F8 0E         [24]  407 	mov	dptr,#0xf80e
      00002A E5*00            [12]  408 	mov	a,_SetDMA_PARM_2
      00002C F0               [24]  409 	movx	@dptr,a
                                    410 ;	usb.c:45: break;
                                    411 ;	usb.c:47: case 1:
      00002D 22               [24]  412 	ret
      00002E                        413 00102$:
                                    414 ;	usb.c:49: XVAL(0xF80D) = p3;
      00002E 90 F8 0D         [24]  415 	mov	dptr,#0xf80d
      000031 E5*00            [12]  416 	mov	a,_SetDMA_PARM_2
      000033 F0               [24]  417 	movx	@dptr,a
                                    418 ;	usb.c:50: break;
                                    419 ;	usb.c:52: case 2:
      000034 22               [24]  420 	ret
      000035                        421 00103$:
                                    422 ;	usb.c:54: XVAL(0xF80E) = p3;
      000035 90 F8 0E         [24]  423 	mov	dptr,#0xf80e
      000038 E5*00            [12]  424 	mov	a,_SetDMA_PARM_2
      00003A F0               [24]  425 	movx	@dptr,a
                                    426 ;	usb.c:61: }
      00003B                        427 00106$:
                                    428 ;	usb.c:62: }
      00003B 22               [24]  429 	ret
                                    430 ;------------------------------------------------------------
                                    431 ;Allocation info for local variables in function 'SendControlResponse'
                                    432 ;------------------------------------------------------------
                                    433 ;size                      Allocated to registers r6 r7
                                    434 ;------------------------------------------------------------
                                    435 ;	usb.c:64: void SendControlResponse(int size)
                                    436 ;	-----------------------------------------
                                    437 ;	 function SendControlResponse
                                    438 ;	-----------------------------------------
      00003C                        439 _SendControlResponse:
      00003C AE 82            [24]  440 	mov	r6,dpl
      00003E AF 83            [24]  441 	mov	r7,dph
                                    442 ;	usb.c:66: EP0.len_l = LSB(size);
      000040 8E 05            [24]  443 	mov	ar5,r6
      000042 90 F1 CC         [24]  444 	mov	dptr,#(_EP0 + 0x000c)
      000045 ED               [12]  445 	mov	a,r5
      000046 F0               [24]  446 	movx	@dptr,a
                                    447 ;	usb.c:67: EP0.len_m = MSB(size);
      000047 8F 06            [24]  448 	mov	ar6,r7
      000049 90 F1 CD         [24]  449 	mov	dptr,#(_EP0 + 0x000d)
      00004C EE               [12]  450 	mov	a,r6
      00004D F0               [24]  451 	movx	@dptr,a
                                    452 ;	usb.c:68: EP0.len_h = 0;
      00004E 90 F1 CE         [24]  453 	mov	dptr,#(_EP0 + 0x000e)
      000051 E4               [12]  454 	clr	a
      000052 F0               [24]  455 	movx	@dptr,a
                                    456 ;	usb.c:69: EP0.cs = 0x40;
      000053 90 F1 D3         [24]  457 	mov	dptr,#(_EP0 + 0x0013)
      000056 74 40            [12]  458 	mov	a,#0x40
      000058 F0               [24]  459 	movx	@dptr,a
                                    460 ;	usb.c:70: while (EP0.cs & 0x40);
      000059                        461 00101$:
      000059 90 F1 D3         [24]  462 	mov	dptr,#(_EP0 + 0x0013)
      00005C E0               [24]  463 	movx	a,@dptr
      00005D 20 E6 F9         [24]  464 	jb	acc.6,00101$
                                    465 ;	usb.c:71: EP0CS = 0x05;
      000060 90 F0 48         [24]  466 	mov	dptr,#_EP0CS
      000063 74 05            [12]  467 	mov	a,#0x05
      000065 F0               [24]  468 	movx	@dptr,a
                                    469 ;	usb.c:72: }
      000066 22               [24]  470 	ret
                                    471 ;------------------------------------------------------------
                                    472 ;Allocation info for local variables in function 'SendData0'
                                    473 ;------------------------------------------------------------
                                    474 ;offset                    Allocated with name '_SendData0_PARM_2'
                                    475 ;size                      Allocated to registers r6 r7
                                    476 ;------------------------------------------------------------
                                    477 ;	usb.c:74: void SendData0(WORD size, BYTE offset)
                                    478 ;	-----------------------------------------
                                    479 ;	 function SendData0
                                    480 ;	-----------------------------------------
      000067                        481 _SendData0:
      000067 AE 82            [24]  482 	mov	r6,dpl
      000069 AF 83            [24]  483 	mov	r7,dph
                                    484 ;	usb.c:76: if (size > 0)
      00006B EE               [12]  485 	mov	a,r6
      00006C 4F               [12]  486 	orl	a,r7
      00006D 60 56            [24]  487 	jz	00106$
                                    488 ;	usb.c:78: SetDMA(0x20, 0, 0);
      00006F 75*00 00         [24]  489 	mov	_SetDMA_PARM_2,#0x00
      000072 75*01 00         [24]  490 	mov	_SetDMA_PARM_3,#0x00
      000075 75 82 20         [24]  491 	mov	dpl,#0x20
      000078 C0 07            [24]  492 	push	ar7
      00007A C0 06            [24]  493 	push	ar6
      00007C 12r00r00         [24]  494 	lcall	_SetDMA
                                    495 ;	usb.c:79: SetDMA(0x20, 0x80, 1);
      00007F 75*00 80         [24]  496 	mov	_SetDMA_PARM_2,#0x80
      000082 75*01 01         [24]  497 	mov	_SetDMA_PARM_3,#0x01
      000085 75 82 20         [24]  498 	mov	dpl,#0x20
      000088 12r00r00         [24]  499 	lcall	_SetDMA
      00008B D0 06            [24]  500 	pop	ar6
      00008D D0 07            [24]  501 	pop	ar7
                                    502 ;	usb.c:80: EP0.ptr_l = usb_buffer_PA>>8;
      00008F 90 F1 C5         [24]  503 	mov	dptr,#(_EP0 + 0x0005)
      000092 74 80            [12]  504 	mov	a,#0x80
      000094 F0               [24]  505 	movx	@dptr,a
                                    506 ;	usb.c:81: EP0.ptr_m = usb_buffer_PA>>16;
      000095 90 F1 C6         [24]  507 	mov	dptr,#(_EP0 + 0x0006)
      000098 E4               [12]  508 	clr	a
      000099 F0               [24]  509 	movx	@dptr,a
                                    510 ;	usb.c:82: EP0.ptr_h = usb_buffer_PA>>24;
      00009A 90 F1 C7         [24]  511 	mov	dptr,#(_EP0 + 0x0007)
      00009D F0               [24]  512 	movx	@dptr,a
                                    513 ;	usb.c:83: EP0.offset = offset;
      00009E 90 F1 CA         [24]  514 	mov	dptr,#(_EP0 + 0x000a)
      0000A1 E5*09            [12]  515 	mov	a,_SendData0_PARM_2
      0000A3 F0               [24]  516 	movx	@dptr,a
                                    517 ;	usb.c:84: EP0.len_l = LSB(size);
      0000A4 8E 05            [24]  518 	mov	ar5,r6
      0000A6 90 F1 CC         [24]  519 	mov	dptr,#(_EP0 + 0x000c)
      0000A9 ED               [12]  520 	mov	a,r5
      0000AA F0               [24]  521 	movx	@dptr,a
                                    522 ;	usb.c:85: EP0.len_m = MSB(size);
      0000AB 8F 06            [24]  523 	mov	ar6,r7
      0000AD 90 F1 CD         [24]  524 	mov	dptr,#(_EP0 + 0x000d)
      0000B0 EE               [12]  525 	mov	a,r6
      0000B1 F0               [24]  526 	movx	@dptr,a
                                    527 ;	usb.c:86: EP0.len_h = 0;
      0000B2 90 F1 CE         [24]  528 	mov	dptr,#(_EP0 + 0x000e)
      0000B5 E4               [12]  529 	clr	a
      0000B6 F0               [24]  530 	movx	@dptr,a
                                    531 ;	usb.c:87: EP0.cs = 0x88;
      0000B7 90 F1 D3         [24]  532 	mov	dptr,#(_EP0 + 0x0013)
      0000BA 74 88            [12]  533 	mov	a,#0x88
      0000BC F0               [24]  534 	movx	@dptr,a
                                    535 ;	usb.c:89: while(EP0.cs & 0x80);
      0000BD                        536 00101$:
      0000BD 90 F1 D3         [24]  537 	mov	dptr,#(_EP0 + 0x0013)
      0000C0 E0               [24]  538 	movx	a,@dptr
      0000C1 FF               [12]  539 	mov	r7,a
      0000C2 20 E7 F8         [24]  540 	jb	acc.7,00101$
      0000C5                        541 00106$:
                                    542 ;	usb.c:91: }
      0000C5 22               [24]  543 	ret
                                    544 ;------------------------------------------------------------
                                    545 ;Allocation info for local variables in function 'SendData1'
                                    546 ;------------------------------------------------------------
                                    547 ;offset                    Allocated with name '_SendData1_PARM_2'
                                    548 ;size                      Allocated to registers r6 r7
                                    549 ;------------------------------------------------------------
                                    550 ;	usb.c:93: void SendData1(WORD size, BYTE offset)
                                    551 ;	-----------------------------------------
                                    552 ;	 function SendData1
                                    553 ;	-----------------------------------------
      0000C6                        554 _SendData1:
      0000C6 AE 82            [24]  555 	mov	r6,dpl
      0000C8 AF 83            [24]  556 	mov	r7,dph
                                    557 ;	usb.c:95: if (size > 0)
      0000CA EE               [12]  558 	mov	a,r6
      0000CB 4F               [12]  559 	orl	a,r7
      0000CC 60 56            [24]  560 	jz	00106$
                                    561 ;	usb.c:97: SetDMA(0x20, 0, 0);
      0000CE 75*00 00         [24]  562 	mov	_SetDMA_PARM_2,#0x00
      0000D1 75*01 00         [24]  563 	mov	_SetDMA_PARM_3,#0x00
      0000D4 75 82 20         [24]  564 	mov	dpl,#0x20
      0000D7 C0 07            [24]  565 	push	ar7
      0000D9 C0 06            [24]  566 	push	ar6
      0000DB 12r00r00         [24]  567 	lcall	_SetDMA
                                    568 ;	usb.c:98: SetDMA(0x20, 0x80, 1);
      0000DE 75*00 80         [24]  569 	mov	_SetDMA_PARM_2,#0x80
      0000E1 75*01 01         [24]  570 	mov	_SetDMA_PARM_3,#0x01
      0000E4 75 82 20         [24]  571 	mov	dpl,#0x20
      0000E7 12r00r00         [24]  572 	lcall	_SetDMA
      0000EA D0 06            [24]  573 	pop	ar6
      0000EC D0 07            [24]  574 	pop	ar7
                                    575 ;	usb.c:99: EP1.ptr_l = usb_buffer_PA>>8;
      0000EE 90 F2 05         [24]  576 	mov	dptr,#(_EP1 + 0x0005)
      0000F1 74 80            [12]  577 	mov	a,#0x80
      0000F3 F0               [24]  578 	movx	@dptr,a
                                    579 ;	usb.c:100: EP1.ptr_m = usb_buffer_PA>>16;
      0000F4 90 F2 06         [24]  580 	mov	dptr,#(_EP1 + 0x0006)
      0000F7 E4               [12]  581 	clr	a
      0000F8 F0               [24]  582 	movx	@dptr,a
                                    583 ;	usb.c:101: EP1.ptr_h = usb_buffer_PA>>24;
      0000F9 90 F2 07         [24]  584 	mov	dptr,#(_EP1 + 0x0007)
      0000FC F0               [24]  585 	movx	@dptr,a
                                    586 ;	usb.c:102: EP1.offset = offset;
      0000FD 90 F2 0A         [24]  587 	mov	dptr,#(_EP1 + 0x000a)
      000100 E5*0A            [12]  588 	mov	a,_SendData1_PARM_2
      000102 F0               [24]  589 	movx	@dptr,a
                                    590 ;	usb.c:103: EP1.len_l = LSB(size);
      000103 8E 05            [24]  591 	mov	ar5,r6
      000105 90 F2 0C         [24]  592 	mov	dptr,#(_EP1 + 0x000c)
      000108 ED               [12]  593 	mov	a,r5
      000109 F0               [24]  594 	movx	@dptr,a
                                    595 ;	usb.c:104: EP1.len_m = MSB(size);
      00010A 8F 06            [24]  596 	mov	ar6,r7
      00010C 90 F2 0D         [24]  597 	mov	dptr,#(_EP1 + 0x000d)
      00010F EE               [12]  598 	mov	a,r6
      000110 F0               [24]  599 	movx	@dptr,a
                                    600 ;	usb.c:105: EP1.len_h = 0;
      000111 90 F2 0E         [24]  601 	mov	dptr,#(_EP1 + 0x000e)
      000114 E4               [12]  602 	clr	a
      000115 F0               [24]  603 	movx	@dptr,a
                                    604 ;	usb.c:106: EP1.cs = 0x88;
      000116 90 F2 13         [24]  605 	mov	dptr,#(_EP1 + 0x0013)
      000119 74 88            [12]  606 	mov	a,#0x88
      00011B F0               [24]  607 	movx	@dptr,a
                                    608 ;	usb.c:108: while(EP1.cs & 0x80);
      00011C                        609 00101$:
      00011C 90 F2 13         [24]  610 	mov	dptr,#(_EP1 + 0x0013)
      00011F E0               [24]  611 	movx	a,@dptr
      000120 FF               [12]  612 	mov	r7,a
      000121 20 E7 F8         [24]  613 	jb	acc.7,00101$
      000124                        614 00106$:
                                    615 ;	usb.c:110: }
      000124 22               [24]  616 	ret
                                    617 ;------------------------------------------------------------
                                    618 ;Allocation info for local variables in function 'SendCSW'
                                    619 ;------------------------------------------------------------
                                    620 ;	usb.c:112: static void SendCSW()
                                    621 ;	-----------------------------------------
                                    622 ;	 function SendCSW
                                    623 ;	-----------------------------------------
      000125                        624 _SendCSW:
                                    625 ;	usb.c:114: usb_buffer[0] = 'U';
      000125 90 00 00         [24]  626 	mov	dptr,#_usb_buffer
      000128 74 55            [12]  627 	mov	a,#0x55
      00012A F0               [24]  628 	movx	@dptr,a
                                    629 ;	usb.c:115: usb_buffer[1] = 'S';
      00012B 90 00 01         [24]  630 	mov	dptr,#(_usb_buffer + 0x0001)
      00012E 74 53            [12]  631 	mov	a,#0x53
      000130 F0               [24]  632 	movx	@dptr,a
                                    633 ;	usb.c:116: usb_buffer[2] = 'B';
      000131 90 00 02         [24]  634 	mov	dptr,#(_usb_buffer + 0x0002)
      000134 74 42            [12]  635 	mov	a,#0x42
      000136 F0               [24]  636 	movx	@dptr,a
                                    637 ;	usb.c:117: usb_buffer[3] = 'S';
      000137 90 00 03         [24]  638 	mov	dptr,#(_usb_buffer + 0x0003)
      00013A 74 53            [12]  639 	mov	a,#0x53
      00013C F0               [24]  640 	movx	@dptr,a
                                    641 ;	usb.c:118: usb_buffer[4] = scsi_tag[0];
      00013D 90 00 04         [24]  642 	mov	dptr,#(_usb_buffer + 0x0004)
      000140 E5*00            [12]  643 	mov	a,_scsi_tag
      000142 F0               [24]  644 	movx	@dptr,a
                                    645 ;	usb.c:119: usb_buffer[5] = scsi_tag[1];
      000143 90 00 05         [24]  646 	mov	dptr,#(_usb_buffer + 0x0005)
      000146 E5*01            [12]  647 	mov	a,(_scsi_tag + 0x0001)
      000148 F0               [24]  648 	movx	@dptr,a
                                    649 ;	usb.c:120: usb_buffer[6] = scsi_tag[2];
      000149 90 00 06         [24]  650 	mov	dptr,#(_usb_buffer + 0x0006)
      00014C E5*02            [12]  651 	mov	a,(_scsi_tag + 0x0002)
      00014E F0               [24]  652 	movx	@dptr,a
                                    653 ;	usb.c:121: usb_buffer[7] = scsi_tag[3];
      00014F 90 00 07         [24]  654 	mov	dptr,#(_usb_buffer + 0x0007)
      000152 E5*03            [12]  655 	mov	a,(_scsi_tag + 0x0003)
      000154 F0               [24]  656 	movx	@dptr,a
                                    657 ;	usb.c:122: usb_buffer[8] = scsi_data_residue;
      000155 AF*00            [24]  658 	mov	r7,_scsi_data_residue
      000157 90 00 08         [24]  659 	mov	dptr,#(_usb_buffer + 0x0008)
      00015A EF               [12]  660 	mov	a,r7
      00015B F0               [24]  661 	movx	@dptr,a
                                    662 ;	usb.c:123: usb_buffer[9] = scsi_data_residue>>8;
      00015C AF*01            [24]  663 	mov	r7,(_scsi_data_residue + 1)
      00015E 90 00 09         [24]  664 	mov	dptr,#(_usb_buffer + 0x0009)
      000161 EF               [12]  665 	mov	a,r7
      000162 F0               [24]  666 	movx	@dptr,a
                                    667 ;	usb.c:124: usb_buffer[10] = scsi_data_residue>>16;
      000163 AF*02            [24]  668 	mov	r7,(_scsi_data_residue + 2)
      000165 90 00 0A         [24]  669 	mov	dptr,#(_usb_buffer + 0x000a)
      000168 EF               [12]  670 	mov	a,r7
      000169 F0               [24]  671 	movx	@dptr,a
                                    672 ;	usb.c:125: usb_buffer[11] = scsi_data_residue>>24;
      00016A AF*03            [24]  673 	mov	r7,(_scsi_data_residue + 3)
      00016C 90 00 0B         [24]  674 	mov	dptr,#(_usb_buffer + 0x000b)
      00016F EF               [12]  675 	mov	a,r7
      000170 F0               [24]  676 	movx	@dptr,a
                                    677 ;	usb.c:126: usb_buffer[12] = scsi_status;
      000171 90 00 0C         [24]  678 	mov	dptr,#(_usb_buffer + 0x000c)
      000174 E5*00            [12]  679 	mov	a,_scsi_status
      000176 F0               [24]  680 	movx	@dptr,a
                                    681 ;	usb.c:128: SendData1(13, 0);
      000177 75*0A 00         [24]  682 	mov	_SendData1_PARM_2,#0x00
      00017A 90 00 0D         [24]  683 	mov	dptr,#0x000d
      00017D 12r00rC6         [24]  684 	lcall	_SendData1
                                    685 ;	usb.c:129: usb_have_csw_ready = 0;
      000180 90r00r06         [24]  686 	mov	dptr,#_usb_have_csw_ready
      000183 E4               [12]  687 	clr	a
      000184 F0               [24]  688 	movx	@dptr,a
                                    689 ;	usb.c:130: scsi_data_residue = 0;
      000185 F5*00            [12]  690 	mov	_scsi_data_residue,a
      000187 F5*01            [12]  691 	mov	(_scsi_data_residue + 1),a
      000189 F5*02            [12]  692 	mov	(_scsi_data_residue + 2),a
      00018B F5*03            [12]  693 	mov	(_scsi_data_residue + 3),a
                                    694 ;	usb.c:131: }
      00018D 22               [24]  695 	ret
                                    696 ;------------------------------------------------------------
                                    697 ;Allocation info for local variables in function 'SendCSW2'
                                    698 ;------------------------------------------------------------
                                    699 ;	usb.c:133: static void SendCSW2()
                                    700 ;	-----------------------------------------
                                    701 ;	 function SendCSW2
                                    702 ;	-----------------------------------------
      00018E                        703 _SendCSW2:
                                    704 ;	usb.c:135: while(EP1.cs & bmSTALL);
      00018E                        705 00101$:
      00018E 90 F2 13         [24]  706 	mov	dptr,#(_EP1 + 0x0013)
      000191 E0               [24]  707 	movx	a,@dptr
      000192 FF               [12]  708 	mov	r7,a
      000193 20 E1 F8         [24]  709 	jb	acc.1,00101$
                                    710 ;	usb.c:136: while((EP1.r17 & 0x80)==0)
      000196                        711 00106$:
      000196 90 F2 17         [24]  712 	mov	dptr,#(_EP1 + 0x0017)
      000199 E0               [24]  713 	movx	a,@dptr
      00019A FF               [12]  714 	mov	r7,a
      00019B 20 E7 0D         [24]  715 	jb	acc.7,00109$
                                    716 ;	usb.c:138: if ((XVAL(0xF010) & 0x20)==0)
      00019E 90 F0 10         [24]  717 	mov	dptr,#0xf010
      0001A1 E0               [24]  718 	movx	a,@dptr
      0001A2 20 E5 F1         [24]  719 	jb	acc.5,00106$
                                    720 ;	usb.c:140: usb_have_csw_ready = 0;
      0001A5 90r00r06         [24]  721 	mov	dptr,#_usb_have_csw_ready
      0001A8 E4               [12]  722 	clr	a
      0001A9 F0               [24]  723 	movx	@dptr,a
                                    724 ;	usb.c:141: return;
      0001AA 22               [24]  725 	ret
                                    726 ;	usb.c:145: while(EP1.cs & 0x40);
      0001AB                        727 00109$:
      0001AB 90 F2 13         [24]  728 	mov	dptr,#(_EP1 + 0x0013)
      0001AE E0               [24]  729 	movx	a,@dptr
      0001AF FF               [12]  730 	mov	r7,a
      0001B0 20 E6 F8         [24]  731 	jb	acc.6,00109$
                                    732 ;	usb.c:146: while(EP2.cs & 0x40);
      0001B3                        733 00112$:
      0001B3 90 F2 53         [24]  734 	mov	dptr,#(_EP2 + 0x0013)
      0001B6 E0               [24]  735 	movx	a,@dptr
      0001B7 FF               [12]  736 	mov	r7,a
      0001B8 20 E6 F8         [24]  737 	jb	acc.6,00112$
                                    738 ;	usb.c:147: while(EP3.cs & 0x40);
      0001BB                        739 00115$:
      0001BB 90 F2 93         [24]  740 	mov	dptr,#(_EP3 + 0x0013)
      0001BE E0               [24]  741 	movx	a,@dptr
      0001BF FF               [12]  742 	mov	r7,a
      0001C0 20 E6 F8         [24]  743 	jb	acc.6,00115$
                                    744 ;	usb.c:148: while(EP4.cs & 0x40);
      0001C3                        745 00118$:
      0001C3 90 F2 D3         [24]  746 	mov	dptr,#(_EP4 + 0x0013)
      0001C6 E0               [24]  747 	movx	a,@dptr
      0001C7 20 E6 F9         [24]  748 	jb	acc.6,00118$
                                    749 ;	usb.c:150: EP1.fifo = 'U';
                                    750 ;	usb.c:151: EP1.fifo = 'S';
                                    751 ;	usb.c:152: EP1.fifo = 'B';
                                    752 ;	usb.c:153: EP1.fifo = 'S';
      0001CA 90 F2 1C         [24]  753 	mov	dptr,#(_EP1 + 0x001c)
      0001CD 74 55            [12]  754 	mov	a,#0x55
      0001CF F0               [24]  755 	movx	@dptr,a
      0001D0 74 53            [12]  756 	mov	a,#0x53
      0001D2 F0               [24]  757 	movx	@dptr,a
      0001D3 74 42            [12]  758 	mov	a,#0x42
      0001D5 F0               [24]  759 	movx	@dptr,a
      0001D6 74 53            [12]  760 	mov	a,#0x53
      0001D8 F0               [24]  761 	movx	@dptr,a
                                    762 ;	usb.c:154: EP1.fifo = scsi_tag[0];
                                    763 ;	usb.c:155: EP1.fifo = scsi_tag[1];
                                    764 ;	usb.c:156: EP1.fifo = scsi_tag[2];
                                    765 ;	usb.c:157: EP1.fifo = scsi_tag[3];
      0001D9 90 F2 1C         [24]  766 	mov	dptr,#(_EP1 + 0x001c)
      0001DC E5*00            [12]  767 	mov	a,_scsi_tag
      0001DE F0               [24]  768 	movx	@dptr,a
      0001DF E5*01            [12]  769 	mov	a,(_scsi_tag + 0x0001)
      0001E1 F0               [24]  770 	movx	@dptr,a
      0001E2 E5*02            [12]  771 	mov	a,(_scsi_tag + 0x0002)
      0001E4 F0               [24]  772 	movx	@dptr,a
      0001E5 E5*03            [12]  773 	mov	a,(_scsi_tag + 0x0003)
      0001E7 F0               [24]  774 	movx	@dptr,a
                                    775 ;	usb.c:158: EP1.fifo = scsi_data_residue;
      0001E8 AF*00            [24]  776 	mov	r7,_scsi_data_residue
      0001EA 90 F2 1C         [24]  777 	mov	dptr,#(_EP1 + 0x001c)
      0001ED EF               [12]  778 	mov	a,r7
      0001EE F0               [24]  779 	movx	@dptr,a
                                    780 ;	usb.c:159: EP1.fifo = scsi_data_residue>>8;
      0001EF AF*01            [24]  781 	mov	r7,(_scsi_data_residue + 1)
      0001F1 90 F2 1C         [24]  782 	mov	dptr,#(_EP1 + 0x001c)
      0001F4 EF               [12]  783 	mov	a,r7
      0001F5 F0               [24]  784 	movx	@dptr,a
                                    785 ;	usb.c:160: EP1.fifo = scsi_data_residue>>16;
      0001F6 AF*02            [24]  786 	mov	r7,(_scsi_data_residue + 2)
      0001F8 90 F2 1C         [24]  787 	mov	dptr,#(_EP1 + 0x001c)
      0001FB EF               [12]  788 	mov	a,r7
      0001FC F0               [24]  789 	movx	@dptr,a
                                    790 ;	usb.c:161: EP1.fifo = scsi_data_residue>>24;
      0001FD AF*03            [24]  791 	mov	r7,(_scsi_data_residue + 3)
                                    792 ;	usb.c:162: EP1.fifo = scsi_status;
      0001FF 90 F2 1C         [24]  793 	mov	dptr,#(_EP1 + 0x001c)
      000202 EF               [12]  794 	mov	a,r7
      000203 F0               [24]  795 	movx	@dptr,a
      000204 E5*00            [12]  796 	mov	a,_scsi_status
      000206 F0               [24]  797 	movx	@dptr,a
                                    798 ;	usb.c:163: EP1.len_l = 13;
      000207 90 F2 0C         [24]  799 	mov	dptr,#(_EP1 + 0x000c)
      00020A 74 0D            [12]  800 	mov	a,#0x0d
      00020C F0               [24]  801 	movx	@dptr,a
                                    802 ;	usb.c:164: EP1.len_m = 0;
      00020D 90 F2 0D         [24]  803 	mov	dptr,#(_EP1 + 0x000d)
      000210 E4               [12]  804 	clr	a
      000211 F0               [24]  805 	movx	@dptr,a
                                    806 ;	usb.c:165: EP1.len_h = 0;
      000212 90 F2 0E         [24]  807 	mov	dptr,#(_EP1 + 0x000e)
      000215 F0               [24]  808 	movx	@dptr,a
                                    809 ;	usb.c:166: EP1.cs = 0x40;
      000216 90 F2 13         [24]  810 	mov	dptr,#(_EP1 + 0x0013)
      000219 74 40            [12]  811 	mov	a,#0x40
      00021B F0               [24]  812 	movx	@dptr,a
                                    813 ;	usb.c:167: usb_have_csw_ready = 0;
      00021C 90r00r06         [24]  814 	mov	dptr,#_usb_have_csw_ready
      00021F E4               [12]  815 	clr	a
      000220 F0               [24]  816 	movx	@dptr,a
                                    817 ;	usb.c:168: scsi_data_residue = 0;
      000221 F5*00            [12]  818 	mov	_scsi_data_residue,a
      000223 F5*01            [12]  819 	mov	(_scsi_data_residue + 1),a
      000225 F5*02            [12]  820 	mov	(_scsi_data_residue + 2),a
      000227 F5*03            [12]  821 	mov	(_scsi_data_residue + 3),a
                                    822 ;	usb.c:169: }
      000229 22               [24]  823 	ret
                                    824 ;------------------------------------------------------------
                                    825 ;Allocation info for local variables in function 'InitUSB'
                                    826 ;------------------------------------------------------------
                                    827 ;b                         Allocated to registers r7
                                    828 ;------------------------------------------------------------
                                    829 ;	usb.c:171: void InitUSB(void)
                                    830 ;	-----------------------------------------
                                    831 ;	 function InitUSB
                                    832 ;	-----------------------------------------
      00022A                        833 _InitUSB:
                                    834 ;	usb.c:175: usb_irq = 0;
      00022A 90r00r00         [24]  835 	mov	dptr,#_usb_irq
      00022D E4               [12]  836 	clr	a
      00022E F0               [24]  837 	movx	@dptr,a
                                    838 ;	usb.c:176: usb_received_data_ready = 0;
      00022F 90r00r05         [24]  839 	mov	dptr,#_usb_received_data_ready
      000232 F0               [24]  840 	movx	@dptr,a
                                    841 ;	usb.c:177: usb_have_csw_ready = 0;
      000233 90r00r06         [24]  842 	mov	dptr,#_usb_have_csw_ready
      000236 F0               [24]  843 	movx	@dptr,a
                                    844 ;	usb.c:178: usb_speed = 0;
                                    845 ;	1-genFromRTrack replaced	mov	_usb_speed,#0x00
      000237 F5*08            [12]  846 	mov	_usb_speed,a
                                    847 ;	usb.c:179: EP1.ptr_l = usb_buffer_PA>>8;
      000239 90 F2 05         [24]  848 	mov	dptr,#(_EP1 + 0x0005)
      00023C 74 80            [12]  849 	mov	a,#0x80
      00023E F0               [24]  850 	movx	@dptr,a
                                    851 ;	usb.c:180: EP1.ptr_m = usb_buffer_PA>>16;
      00023F 90 F2 06         [24]  852 	mov	dptr,#(_EP1 + 0x0006)
      000242 E4               [12]  853 	clr	a
      000243 F0               [24]  854 	movx	@dptr,a
                                    855 ;	usb.c:181: EP1.ptr_h = usb_buffer_PA>>24;
      000244 90 F2 07         [24]  856 	mov	dptr,#(_EP1 + 0x0007)
      000247 F0               [24]  857 	movx	@dptr,a
                                    858 ;	usb.c:182: EP1.r8 = 0x10;
      000248 90 F2 08         [24]  859 	mov	dptr,#(_EP1 + 0x0008)
      00024B 74 10            [12]  860 	mov	a,#0x10
      00024D F0               [24]  861 	movx	@dptr,a
                                    862 ;	usb.c:183: EP1.offset = 0;
      00024E 90 F2 0A         [24]  863 	mov	dptr,#(_EP1 + 0x000a)
      000251 E4               [12]  864 	clr	a
      000252 F0               [24]  865 	movx	@dptr,a
                                    866 ;	usb.c:184: EP2.ptr_l = usb_buffer_PA>>8;
      000253 90 F2 45         [24]  867 	mov	dptr,#(_EP2 + 0x0005)
      000256 74 80            [12]  868 	mov	a,#0x80
      000258 F0               [24]  869 	movx	@dptr,a
                                    870 ;	usb.c:185: EP2.ptr_m = usb_buffer_PA>>16;
      000259 90 F2 46         [24]  871 	mov	dptr,#(_EP2 + 0x0006)
      00025C E4               [12]  872 	clr	a
      00025D F0               [24]  873 	movx	@dptr,a
                                    874 ;	usb.c:186: EP2.ptr_h = usb_buffer_PA>>24;
      00025E 90 F2 47         [24]  875 	mov	dptr,#(_EP2 + 0x0007)
      000261 F0               [24]  876 	movx	@dptr,a
                                    877 ;	usb.c:187: EP2.r8 = 0x10;
      000262 90 F2 48         [24]  878 	mov	dptr,#(_EP2 + 0x0008)
      000265 74 10            [12]  879 	mov	a,#0x10
      000267 F0               [24]  880 	movx	@dptr,a
                                    881 ;	usb.c:188: EP2.offset = 0;
      000268 90 F2 4A         [24]  882 	mov	dptr,#(_EP2 + 0x000a)
      00026B E4               [12]  883 	clr	a
      00026C F0               [24]  884 	movx	@dptr,a
                                    885 ;	usb.c:190: if (WARMSTATUS & 2) //USB warm start
      00026D 90 FA 38         [24]  886 	mov	dptr,#_WARMSTATUS
      000270 E0               [24]  887 	movx	a,@dptr
      000271 30 E1 54         [24]  888 	jnb	acc.1,00112$
                                    889 ;	usb.c:192: if ((USBSTAT & bmSpeed) == bmSuperSpeed)
      000274 90 F0 09         [24]  890 	mov	dptr,#_USBSTAT
      000277 E0               [24]  891 	movx	a,@dptr
      000278 FF               [12]  892 	mov	r7,a
      000279 53 07 07         [24]  893 	anl	ar7,#0x07
      00027C 7E 00            [12]  894 	mov	r6,#0x00
      00027E BF 04 08         [24]  895 	cjne	r7,#0x04,00108$
      000281 BE 00 05         [24]  896 	cjne	r6,#0x00,00108$
                                    897 ;	usb.c:194: usb_speed = bmSuperSpeed;
      000284 75*08 04         [24]  898 	mov	_usb_speed,#0x04
      000287 80 27            [24]  899 	sjmp	00109$
      000289                        900 00108$:
                                    901 ;	usb.c:196: else if ((USBSTAT & bmSpeed) == bmHighSpeed)
      000289 90 F0 09         [24]  902 	mov	dptr,#_USBSTAT
      00028C E0               [24]  903 	movx	a,@dptr
      00028D 54 07            [12]  904 	anl	a,#0x07
      00028F 60 02            [24]  905 	jz	00145$
      000291 80 05            [24]  906 	sjmp	00105$
      000293                        907 00145$:
                                    908 ;	usb.c:198: usb_speed = bmHighSpeed;
      000293 75*08 00         [24]  909 	mov	_usb_speed,#0x00
      000296 80 18            [24]  910 	sjmp	00109$
      000298                        911 00105$:
                                    912 ;	usb.c:200: else if ((USBSTAT & bmSpeed) == bmFullSpeed)
      000298 90 F0 09         [24]  913 	mov	dptr,#_USBSTAT
      00029B E0               [24]  914 	movx	a,@dptr
      00029C FF               [12]  915 	mov	r7,a
      00029D 53 07 07         [24]  916 	anl	ar7,#0x07
      0002A0 7E 00            [12]  917 	mov	r6,#0x00
      0002A2 BF 01 08         [24]  918 	cjne	r7,#0x01,00102$
      0002A5 BE 00 05         [24]  919 	cjne	r6,#0x00,00102$
                                    920 ;	usb.c:202: usb_speed = bmFullSpeed;
      0002A8 75*08 01         [24]  921 	mov	_usb_speed,#0x01
      0002AB 80 03            [24]  922 	sjmp	00109$
      0002AD                        923 00102$:
                                    924 ;	usb.c:206: usb_speed = 0;
      0002AD 75*08 00         [24]  925 	mov	_usb_speed,#0x00
      0002B0                        926 00109$:
                                    927 ;	usb.c:209: EX1 = 1;
                                    928 ;	assignBit
      0002B0 D2 AA            [12]  929 	setb	_EX1
                                    930 ;	usb.c:210: EX0 = 1;
                                    931 ;	assignBit
      0002B2 D2 A8            [12]  932 	setb	_EX0
                                    933 ;	usb.c:211: EPIE = bmEP2IRQ | bmEP4IRQ;
      0002B4 90 F0 30         [24]  934 	mov	dptr,#_EPIE
      0002B7 74 0A            [12]  935 	mov	a,#0x0a
      0002B9 F0               [24]  936 	movx	@dptr,a
                                    937 ;	usb.c:212: scsi_data_residue = 0;
      0002BA E4               [12]  938 	clr	a
      0002BB F5*00            [12]  939 	mov	_scsi_data_residue,a
      0002BD F5*01            [12]  940 	mov	(_scsi_data_residue + 1),a
      0002BF F5*02            [12]  941 	mov	(_scsi_data_residue + 2),a
      0002C1 F5*03            [12]  942 	mov	(_scsi_data_residue + 3),a
                                    943 ;	usb.c:213: scsi_status = 0;
                                    944 ;	1-genFromRTrack replaced	mov	_scsi_status,#0x00
      0002C3 F5*00            [12]  945 	mov	_scsi_status,a
                                    946 ;	usb.c:214: SendCSW();
      0002C5 02r01r25         [24]  947 	ljmp	_SendCSW
      0002C8                        948 00112$:
                                    949 ;	usb.c:219: REGBANK = 6;
      0002C8 90 F0 00         [24]  950 	mov	dptr,#_REGBANK
      0002CB 74 06            [12]  951 	mov	a,#0x06
      0002CD F0               [24]  952 	movx	@dptr,a
                                    953 ;	usb.c:349: __endasm;
      0002CE 90                     954 	.db	0x90
      0002CF F2                     955 	.db	0xF2
      0002D0 83                     956 	.db	0x83
      0002D1 E0                     957 	.db	0xE0
      0002D2 44                     958 	.db	0x44
      0002D3 10                     959 	.db	0x10
      0002D4 F0                     960 	.db	0xF0
      0002D5 90                     961 	.db	0x90
      0002D6 F2                     962 	.db	0xF2
      0002D7 8C                     963 	.db	0x8C
      0002D8 74                     964 	.db	0x74
      0002D9 C2                     965 	.db	0xC2
      0002DA F0                     966 	.db	0xF0
      0002DB A3                     967 	.db	0xA3
      0002DC 74                     968 	.db	0x74
      0002DD E0                     969 	.db	0xE0
      0002DE F0                     970 	.db	0xF0
      0002DF A3                     971 	.db	0xA3
      0002E0 74                     972 	.db	0x74
      0002E1 9C                     973 	.db	0x9C
      0002E2 F0                     974 	.db	0xF0
      0002E3 90                     975 	.db	0x90
      0002E4 F2                     976 	.db	0xF2
      0002E5 90                     977 	.db	0x90
      0002E6 74                     978 	.db	0x74
      0002E7 17                     979 	.db	0x17
      0002E8 F0                     980 	.db	0xF0
      0002E9 90                     981 	.db	0x90
      0002EA F2                     982 	.db	0xF2
      0002EB 93                     983 	.db	0x93
      0002EC 74                     984 	.db	0x74
      0002ED 0C                     985 	.db	0x0C
      0002EE F0                     986 	.db	0xF0
      0002EF 90                     987 	.db	0x90
      0002F0 F3                     988 	.db	0xF3
      0002F1 20                     989 	.db	0x20
      0002F2 74                     990 	.db	0x74
      0002F3 C0                     991 	.db	0xC0
      0002F4 F0                     992 	.db	0xF0
      0002F5 A3                     993 	.db	0xA3
      0002F6 74                     994 	.db	0x74
      0002F7 E3                     995 	.db	0xE3
      0002F8 F0                     996 	.db	0xF0
      0002F9 A3                     997 	.db	0xA3
      0002FA 74                     998 	.db	0x74
      0002FB 8B                     999 	.db	0x8B
      0002FC F0                    1000 	.db	0xF0
      0002FD A3                    1001 	.db	0xA3
      0002FE 74                    1002 	.db	0x74
      0002FF 2E                    1003 	.db	0x2E
      000300 F0                    1004 	.db	0xF0
      000301 90                    1005 	.db	0x90
      000302 F3                    1006 	.db	0xF3
      000303 26                    1007 	.db	0x26
      000304 74                    1008 	.db	0x74
      000305 01                    1009 	.db	0x01
      000306 F0                    1010 	.db	0xF0
      000307 A3                    1011 	.db	0xA3
      000308 74                    1012 	.db	0x74
      000309 05                    1013 	.db	0x05
      00030A F0                    1014 	.db	0xF0
      00030B 90                    1015 	.db	0x90
      00030C F3                    1016 	.db	0xF3
      00030D 0D                    1017 	.db	0x0D
      00030E 74                    1018 	.db	0x74
      00030F 10                    1019 	.db	0x10
      000310 F0                    1020 	.db	0xF0
      000311 90                    1021 	.db	0x90
      000312 F3                    1022 	.db	0xF3
      000313 0C                    1023 	.db	0x0C
      000314 74                    1024 	.db	0x74
      000315 02                    1025 	.db	0x02
      000316 F0                    1026 	.db	0xF0
      000317 90                    1027 	.db	0x90
      000318 F3                    1028 	.db	0xF3
      000319 0A                    1029 	.db	0x0A
      00031A 74                    1030 	.db	0x74
      00031B 30                    1031 	.db	0x30
      00031C F0                    1032 	.db	0xF0
      00031D 90                    1033 	.db	0x90
      00031E F0                    1034 	.db	0xF0
      00031F 00                    1035 	.db	0x00
      000320 74                    1036 	.db	0x74
      000321 07                    1037 	.db	0x07
      000322 F0                    1038 	.db	0xF0
      000323 90                    1039 	.db	0x90
      000324 F2                    1040 	.db	0xF2
      000325 80                    1041 	.db	0x80
      000326 74                    1042 	.db	0x74
      000327 B5                    1043 	.db	0xB5
      000328 F0                    1044 	.db	0xF0
      000329 90                    1045 	.db	0x90
      00032A FA                    1046 	.db	0xFA
      00032B 6F                    1047 	.db	0x6F
      00032C E0                    1048 	.db	0xE0
      00032D 54                    1049 	.db	0x54
      00032E EF                    1050 	.db	0xEF
      00032F F0                    1051 	.db	0xF0
      000330 E4                    1052 	.db	0xE4
      000331 90                    1053 	.db	0x90
      000332 42                    1054 	.db	0x42
      000333 2B                    1055 	.db	0x2B
      000334 F0                    1056 	.db	0xF0
      000335 90                    1057 	.db	0x90
      000336 42                    1058 	.db	0x42
      000337 2B                    1059 	.db	0x2B
      000338 E0                    1060 	.db	0xE0
      000339 04                    1061 	.db	0x04
      00033A F0                    1062 	.db	0xF0
      00033B E0                    1063 	.db	0xE0
      00033C B4                    1064 	.db	0xB4
      00033D FA                    1065 	.db	0xFA
      00033E F6                    1066 	.db	0xF6
      00033F 90                    1067 	.db	0x90
      000340 FA                    1068 	.db	0xFA
      000341 6F                    1069 	.db	0x6F
      000342 E0                    1070 	.db	0xE0
      000343 44                    1071 	.db	0x44
      000344 10                    1072 	.db	0x10
      000345 F0                    1073 	.db	0xF0
      000346 90                    1074 	.db	0x90
      000347 F0                    1075 	.db	0xF0
      000348 14                    1076 	.db	0x14
      000349 E0                    1077 	.db	0xE0
      00034A 54                    1078 	.db	0x54
      00034B 03                    1079 	.db	0x03
      00034C 60                    1080 	.db	0x60
      00034D F8                    1081 	.db	0xF8
                                   1082 ;	usb.c:350: REGBANK = 0;
      00034E 90 F0 00         [24] 1083 	mov	dptr,#_REGBANK
      000351 E4               [12] 1084 	clr	a
      000352 F0               [24] 1085 	movx	@dptr,a
                                   1086 ;	usb.c:358: __endasm;
      000353 90                    1087 	.db	0x90
      000354 F0                    1088 	.db	0xF0
      000355 68                    1089 	.db	0x68
      000356 74                    1090 	.db	0x74
      000357 C0                    1091 	.db	0xC0
      000358 F0                    1092 	.db	0xF0
                                   1093 ;	usb.c:359: EPIE = bmEP2IRQ | bmEP4IRQ;
      000359 90 F0 30         [24] 1094 	mov	dptr,#_EPIE
      00035C 74 0A            [12] 1095 	mov	a,#0x0a
      00035E F0               [24] 1096 	movx	@dptr,a
                                   1097 ;	usb.c:360: USBCTL = bmAttach | bmHighSpeed;
      00035F 90 F0 08         [24] 1098 	mov	dptr,#_USBCTL
      000362 74 80            [12] 1099 	mov	a,#0x80
      000364 F0               [24] 1100 	movx	@dptr,a
                                   1101 ;	usb.c:362: XVAL(0xFA38) |= 2;
      000365 90 FA 38         [24] 1102 	mov	dptr,#0xfa38
      000368 E0               [24] 1103 	movx	a,@dptr
      000369 44 02            [12] 1104 	orl	a,#0x02
      00036B F0               [24] 1105 	movx	@dptr,a
                                   1106 ;	usb.c:364: EX1 = 1;
                                   1107 ;	assignBit
      00036C D2 AA            [12] 1108 	setb	_EX1
                                   1109 ;	usb.c:365: EX0 = 1;
                                   1110 ;	assignBit
      00036E D2 A8            [12] 1111 	setb	_EX0
                                   1112 ;	usb.c:366: for (b = 0; b < 250; b++);
      000370 7F FA            [12] 1113 	mov	r7,#0xfa
      000372                       1114 00116$:
      000372 DF FE            [24] 1115 	djnz	r7,00116$
                                   1116 ;	usb.c:368: }
      000374 22               [24] 1117 	ret
                                   1118 ;------------------------------------------------------------
                                   1119 ;Allocation info for local variables in function 'usb_isr'
                                   1120 ;------------------------------------------------------------
                                   1121 ;	usb.c:370: void usb_isr(void) __interrupt USB_VECT
                                   1122 ;	-----------------------------------------
                                   1123 ;	 function usb_isr
                                   1124 ;	-----------------------------------------
      000375                       1125 _usb_isr:
      000375 C0 E0            [24] 1126 	push	acc
      000377 C0 82            [24] 1127 	push	dpl
      000379 C0 83            [24] 1128 	push	dph
      00037B C0 07            [24] 1129 	push	ar7
      00037D C0 06            [24] 1130 	push	ar6
      00037F C0 05            [24] 1131 	push	ar5
      000381 C0 04            [24] 1132 	push	ar4
      000383 C0 D0            [24] 1133 	push	psw
      000385 75 D0 00         [24] 1134 	mov	psw,#0x00
                                   1135 ;	usb.c:372: usb_irq = USBIRQ;
      000388 90 F0 27         [24] 1136 	mov	dptr,#_USBIRQ
      00038B E0               [24] 1137 	movx	a,@dptr
      00038C FF               [12] 1138 	mov	r7,a
      00038D 90r00r00         [24] 1139 	mov	dptr,#_usb_irq
      000390 F0               [24] 1140 	movx	@dptr,a
                                   1141 ;	usb.c:374: if (usb_irq & 0x20)
      000391 EF               [12] 1142 	mov	a,r7
      000392 30 E5 06         [24] 1143 	jnb	acc.5,00102$
                                   1144 ;	usb.c:376: USBIRQ = 0x20;
      000395 90 F0 27         [24] 1145 	mov	dptr,#_USBIRQ
      000398 74 20            [12] 1146 	mov	a,#0x20
      00039A F0               [24] 1147 	movx	@dptr,a
      00039B                       1148 00102$:
                                   1149 ;	usb.c:379: if (usb_irq & 0x10)
      00039B EF               [12] 1150 	mov	a,r7
      00039C 30 E4 06         [24] 1151 	jnb	acc.4,00104$
                                   1152 ;	usb.c:381: USBIRQ = 0x10;
      00039F 90 F0 27         [24] 1153 	mov	dptr,#_USBIRQ
      0003A2 74 10            [12] 1154 	mov	a,#0x10
      0003A4 F0               [24] 1155 	movx	@dptr,a
      0003A5                       1156 00104$:
                                   1157 ;	usb.c:384: if (usb_irq & bmSpeedChange)
      0003A5 EF               [12] 1158 	mov	a,r7
      0003A6 30 E7 3F         [24] 1159 	jnb	acc.7,00115$
                                   1160 ;	usb.c:386: USBIRQ = bmSpeedChange;
      0003A9 90 F0 27         [24] 1161 	mov	dptr,#_USBIRQ
      0003AC 74 80            [12] 1162 	mov	a,#0x80
      0003AE F0               [24] 1163 	movx	@dptr,a
                                   1164 ;	usb.c:387: if ((USBSTAT & bmSpeed) == bmSuperSpeed)
      0003AF 90 F0 09         [24] 1165 	mov	dptr,#_USBSTAT
      0003B2 E0               [24] 1166 	movx	a,@dptr
      0003B3 FE               [12] 1167 	mov	r6,a
      0003B4 53 06 07         [24] 1168 	anl	ar6,#0x07
      0003B7 7D 00            [12] 1169 	mov	r5,#0x00
      0003B9 BE 04 08         [24] 1170 	cjne	r6,#0x04,00112$
      0003BC BD 00 05         [24] 1171 	cjne	r5,#0x00,00112$
                                   1172 ;	usb.c:389: usb_speed = bmSuperSpeed;
      0003BF 75*08 04         [24] 1173 	mov	_usb_speed,#0x04
      0003C2 80 24            [24] 1174 	sjmp	00115$
      0003C4                       1175 00112$:
                                   1176 ;	usb.c:391: else if ((USBSTAT & bmSpeed) == bmHighSpeed)
      0003C4 90 F0 09         [24] 1177 	mov	dptr,#_USBSTAT
      0003C7 E0               [24] 1178 	movx	a,@dptr
      0003C8 54 07            [12] 1179 	anl	a,#0x07
                                   1180 ;	usb.c:393: usb_speed = bmHighSpeed;
      0003CA 70 04            [24] 1181 	jnz	00109$
      0003CC F5*08            [12] 1182 	mov	_usb_speed,a
      0003CE 80 18            [24] 1183 	sjmp	00115$
      0003D0                       1184 00109$:
                                   1185 ;	usb.c:395: else if ((USBSTAT & bmSpeed) == bmFullSpeed)
      0003D0 90 F0 09         [24] 1186 	mov	dptr,#_USBSTAT
      0003D3 E0               [24] 1187 	movx	a,@dptr
      0003D4 FE               [12] 1188 	mov	r6,a
      0003D5 53 06 07         [24] 1189 	anl	ar6,#0x07
      0003D8 7D 00            [12] 1190 	mov	r5,#0x00
      0003DA BE 01 08         [24] 1191 	cjne	r6,#0x01,00106$
      0003DD BD 00 05         [24] 1192 	cjne	r5,#0x00,00106$
                                   1193 ;	usb.c:397: usb_speed = bmFullSpeed;
      0003E0 75*08 01         [24] 1194 	mov	_usb_speed,#0x01
      0003E3 80 03            [24] 1195 	sjmp	00115$
      0003E5                       1196 00106$:
                                   1197 ;	usb.c:401: usb_speed = 0;
      0003E5 75*08 00         [24] 1198 	mov	_usb_speed,#0x00
      0003E8                       1199 00115$:
                                   1200 ;	usb.c:405: if (usb_irq & 0x40)
      0003E8 EF               [12] 1201 	mov	a,r7
      0003E9 30 E6 06         [24] 1202 	jnb	acc.6,00117$
                                   1203 ;	usb.c:407: USBIRQ = 0x40;
      0003EC 90 F0 27         [24] 1204 	mov	dptr,#_USBIRQ
      0003EF 74 40            [12] 1205 	mov	a,#0x40
      0003F1 F0               [24] 1206 	movx	@dptr,a
      0003F2                       1207 00117$:
                                   1208 ;	usb.c:410: UsbIntStsF087 = XVAL(0xF087);
      0003F2 90 F0 87         [24] 1209 	mov	dptr,#0xf087
      0003F5 E0               [24] 1210 	movx	a,@dptr
      0003F6 90r00r04         [24] 1211 	mov	dptr,#_UsbIntStsF087
      0003F9 F0               [24] 1212 	movx	@dptr,a
                                   1213 ;	usb.c:411: UsbIntStsF086 = XVAL(0xF086);
      0003FA 90 F0 86         [24] 1214 	mov	dptr,#0xf086
      0003FD E0               [24] 1215 	movx	a,@dptr
      0003FE 90r00r03         [24] 1216 	mov	dptr,#_UsbIntStsF086
      000401 F0               [24] 1217 	movx	@dptr,a
                                   1218 ;	usb.c:412: UsbIntStsF082 = XVAL(0xF082);
      000402 90 F0 82         [24] 1219 	mov	dptr,#0xf082
      000405 E0               [24] 1220 	movx	a,@dptr
      000406 FF               [12] 1221 	mov	r7,a
      000407 90r00r02         [24] 1222 	mov	dptr,#_UsbIntStsF082
      00040A F0               [24] 1223 	movx	@dptr,a
                                   1224 ;	usb.c:413: UsbIntStsF080 = XVAL(0xF080);
      00040B 90 F0 80         [24] 1225 	mov	dptr,#0xf080
      00040E E0               [24] 1226 	movx	a,@dptr
      00040F 90r00r01         [24] 1227 	mov	dptr,#_UsbIntStsF080
      000412 F0               [24] 1228 	movx	@dptr,a
                                   1229 ;	usb.c:415: if (UsbIntStsF082 & 0x80)
      000413 EF               [12] 1230 	mov	a,r7
      000414 30 E7 06         [24] 1231 	jnb	acc.7,00119$
                                   1232 ;	usb.c:417: XVAL(0xF082) = 0x80;
      000417 90 F0 82         [24] 1233 	mov	dptr,#0xf082
      00041A 74 80            [12] 1234 	mov	a,#0x80
      00041C F0               [24] 1235 	movx	@dptr,a
      00041D                       1236 00119$:
                                   1237 ;	usb.c:420: if (UsbIntStsF082 & 0x40)
      00041D 90r00r02         [24] 1238 	mov	dptr,#_UsbIntStsF082
      000420 E0               [24] 1239 	movx	a,@dptr
      000421 30 E6 06         [24] 1240 	jnb	acc.6,00121$
                                   1241 ;	usb.c:422: XVAL(0xF082) = 0x40;
      000424 90 F0 82         [24] 1242 	mov	dptr,#0xf082
      000427 74 40            [12] 1243 	mov	a,#0x40
      000429 F0               [24] 1244 	movx	@dptr,a
      00042A                       1245 00121$:
                                   1246 ;	usb.c:425: if (UsbIntStsF080 & 1)
      00042A 90r00r01         [24] 1247 	mov	dptr,#_UsbIntStsF080
      00042D E0               [24] 1248 	movx	a,@dptr
      00042E 30 E0 5E         [24] 1249 	jnb	acc.0,00125$
                                   1250 ;	usb.c:427: XVAL(0xF080) = 1;
      000431 90 F0 80         [24] 1251 	mov	dptr,#0xf080
      000434 74 01            [12] 1252 	mov	a,#0x01
      000436 F0               [24] 1253 	movx	@dptr,a
                                   1254 ;	usb.c:428: if (EP0CS & bmSUDAV)
      000437 90 F0 48         [24] 1255 	mov	dptr,#_EP0CS
      00043A E0               [24] 1256 	movx	a,@dptr
      00043B 30 E7 51         [24] 1257 	jnb	acc.7,00125$
                                   1258 ;	usb.c:430: bmRequestType = SETUPDAT[0];
      00043E 90 F0 B8         [24] 1259 	mov	dptr,#_SETUPDAT
      000441 E0               [24] 1260 	movx	a,@dptr
      000442 F5*00            [12] 1261 	mov	_bmRequestType,a
                                   1262 ;	usb.c:431: bRequest = SETUPDAT[1];
      000444 90 F0 B9         [24] 1263 	mov	dptr,#(_SETUPDAT + 0x0001)
      000447 E0               [24] 1264 	movx	a,@dptr
      000448 F5*01            [12] 1265 	mov	_bRequest,a
                                   1266 ;	usb.c:432: wValue = SETUPDAT[2] | (SETUPDAT[3] << 8);
      00044A 90 F0 BA         [24] 1267 	mov	dptr,#(_SETUPDAT + 0x0002)
      00044D E0               [24] 1268 	movx	a,@dptr
      00044E FF               [12] 1269 	mov	r7,a
      00044F 90 F0 BB         [24] 1270 	mov	dptr,#(_SETUPDAT + 0x0003)
      000452 E0               [24] 1271 	movx	a,@dptr
      000453 FD               [12] 1272 	mov	r5,a
      000454 E4               [12] 1273 	clr	a
      000455 FE               [12] 1274 	mov	r6,a
      000456 FC               [12] 1275 	mov	r4,a
      000457 EF               [12] 1276 	mov	a,r7
      000458 42 06            [12] 1277 	orl	ar6,a
      00045A EC               [12] 1278 	mov	a,r4
      00045B 42 05            [12] 1279 	orl	ar5,a
      00045D 8E*02            [24] 1280 	mov	_wValue,r6
      00045F 8D*03            [24] 1281 	mov	(_wValue + 1),r5
                                   1282 ;	usb.c:433: wIndex = SETUPDAT[4] | (SETUPDAT[5] << 8);
      000461 90 F0 BC         [24] 1283 	mov	dptr,#(_SETUPDAT + 0x0004)
      000464 E0               [24] 1284 	movx	a,@dptr
      000465 FF               [12] 1285 	mov	r7,a
      000466 90 F0 BD         [24] 1286 	mov	dptr,#(_SETUPDAT + 0x0005)
      000469 E0               [24] 1287 	movx	a,@dptr
      00046A FD               [12] 1288 	mov	r5,a
      00046B E4               [12] 1289 	clr	a
      00046C FE               [12] 1290 	mov	r6,a
      00046D FC               [12] 1291 	mov	r4,a
      00046E EF               [12] 1292 	mov	a,r7
      00046F 42 06            [12] 1293 	orl	ar6,a
      000471 EC               [12] 1294 	mov	a,r4
      000472 42 05            [12] 1295 	orl	ar5,a
      000474 8E*04            [24] 1296 	mov	_wIndex,r6
      000476 8D*05            [24] 1297 	mov	(_wIndex + 1),r5
                                   1298 ;	usb.c:434: wLength = SETUPDAT[6] | (SETUPDAT[7] << 8);
      000478 90 F0 BE         [24] 1299 	mov	dptr,#(_SETUPDAT + 0x0006)
      00047B E0               [24] 1300 	movx	a,@dptr
      00047C FF               [12] 1301 	mov	r7,a
      00047D 90 F0 BF         [24] 1302 	mov	dptr,#(_SETUPDAT + 0x0007)
      000480 E0               [24] 1303 	movx	a,@dptr
      000481 FD               [12] 1304 	mov	r5,a
      000482 E4               [12] 1305 	clr	a
      000483 FE               [12] 1306 	mov	r6,a
      000484 FC               [12] 1307 	mov	r4,a
      000485 EF               [12] 1308 	mov	a,r7
      000486 42 06            [12] 1309 	orl	ar6,a
      000488 EC               [12] 1310 	mov	a,r4
      000489 42 05            [12] 1311 	orl	ar5,a
      00048B 8E*06            [24] 1312 	mov	_wLength,r6
      00048D 8D*07            [24] 1313 	mov	(_wLength + 1),r5
      00048F                       1314 00125$:
                                   1315 ;	usb.c:438: if (XVAL(0xF082) & 0x20)
      00048F 90 F0 82         [24] 1316 	mov	dptr,#0xf082
      000492 E0               [24] 1317 	movx	a,@dptr
      000493 30 E5 06         [24] 1318 	jnb	acc.5,00127$
                                   1319 ;	usb.c:440: XVAL(0xF082) = 0x20;
      000496 90 F0 82         [24] 1320 	mov	dptr,#0xf082
      000499 74 20            [12] 1321 	mov	a,#0x20
      00049B F0               [24] 1322 	movx	@dptr,a
      00049C                       1323 00127$:
                                   1324 ;	usb.c:443: if (XVAL(0xF081) & 0x10)
      00049C 90 F0 81         [24] 1325 	mov	dptr,#0xf081
      00049F E0               [24] 1326 	movx	a,@dptr
      0004A0 30 E4 06         [24] 1327 	jnb	acc.4,00129$
                                   1328 ;	usb.c:445: XVAL(0xF081) = 0x10;
      0004A3 90 F0 81         [24] 1329 	mov	dptr,#0xf081
      0004A6 74 10            [12] 1330 	mov	a,#0x10
      0004A8 F0               [24] 1331 	movx	@dptr,a
      0004A9                       1332 00129$:
                                   1333 ;	usb.c:448: if (XVAL(0xF081) & 0x20)
      0004A9 90 F0 81         [24] 1334 	mov	dptr,#0xf081
      0004AC E0               [24] 1335 	movx	a,@dptr
      0004AD 30 E5 06         [24] 1336 	jnb	acc.5,00131$
                                   1337 ;	usb.c:450: XVAL(0xF081) = 0x20;
      0004B0 90 F0 81         [24] 1338 	mov	dptr,#0xf081
      0004B3 74 20            [12] 1339 	mov	a,#0x20
      0004B5 F0               [24] 1340 	movx	@dptr,a
      0004B6                       1341 00131$:
                                   1342 ;	usb.c:453: if (UsbIntStsF080 | UsbIntStsF082 | UsbIntStsF086 | UsbIntStsF087 | usb_irq)
      0004B6 90r00r02         [24] 1343 	mov	dptr,#_UsbIntStsF082
      0004B9 E0               [24] 1344 	movx	a,@dptr
      0004BA FF               [12] 1345 	mov	r7,a
      0004BB 90r00r01         [24] 1346 	mov	dptr,#_UsbIntStsF080
      0004BE E0               [24] 1347 	movx	a,@dptr
      0004BF 42 07            [12] 1348 	orl	ar7,a
      0004C1 90r00r03         [24] 1349 	mov	dptr,#_UsbIntStsF086
      0004C4 E0               [24] 1350 	movx	a,@dptr
      0004C5 42 07            [12] 1351 	orl	ar7,a
      0004C7 90r00r04         [24] 1352 	mov	dptr,#_UsbIntStsF087
      0004CA E0               [24] 1353 	movx	a,@dptr
      0004CB 42 07            [12] 1354 	orl	ar7,a
      0004CD 90r00r00         [24] 1355 	mov	dptr,#_usb_irq
      0004D0 E0               [24] 1356 	movx	a,@dptr
      0004D1 4F               [12] 1357 	orl	a,r7
      0004D2 60 02            [24] 1358 	jz	00134$
                                   1359 ;	usb.c:455: EX0 = 0;
                                   1360 ;	assignBit
      0004D4 C2 A8            [12] 1361 	clr	_EX0
      0004D6                       1362 00134$:
                                   1363 ;	usb.c:457: }
      0004D6 D0 D0            [24] 1364 	pop	psw
      0004D8 D0 04            [24] 1365 	pop	ar4
      0004DA D0 05            [24] 1366 	pop	ar5
      0004DC D0 06            [24] 1367 	pop	ar6
      0004DE D0 07            [24] 1368 	pop	ar7
      0004E0 D0 83            [24] 1369 	pop	dph
      0004E2 D0 82            [24] 1370 	pop	dpl
      0004E4 D0 E0            [24] 1371 	pop	acc
      0004E6 32               [24] 1372 	reti
                                   1373 ;	eliminated unneeded push/pop b
                                   1374 ;------------------------------------------------------------
                                   1375 ;Allocation info for local variables in function 'ep_isr'
                                   1376 ;------------------------------------------------------------
                                   1377 ;interrupts                Allocated to registers r7
                                   1378 ;------------------------------------------------------------
                                   1379 ;	usb.c:459: void ep_isr(void) __interrupt EP_VECT
                                   1380 ;	-----------------------------------------
                                   1381 ;	 function ep_isr
                                   1382 ;	-----------------------------------------
      0004E7                       1383 _ep_isr:
      0004E7 C0 E0            [24] 1384 	push	acc
      0004E9 C0 82            [24] 1385 	push	dpl
      0004EB C0 83            [24] 1386 	push	dph
      0004ED C0 07            [24] 1387 	push	ar7
      0004EF C0 D0            [24] 1388 	push	psw
      0004F1 75 D0 00         [24] 1389 	mov	psw,#0x00
                                   1390 ;	usb.c:461: BYTE interrupts = (EPIRQ & (bmEP2IRQ | bmEP4IRQ));
      0004F4 90 F0 20         [24] 1391 	mov	dptr,#_EPIRQ
      0004F7 E0               [24] 1392 	movx	a,@dptr
      0004F8 54 0A            [12] 1393 	anl	a,#0x0a
                                   1394 ;	usb.c:462: if (interrupts & bmEP2IRQ)
      0004FA FF               [12] 1395 	mov	r7,a
      0004FB 30 E1 16         [24] 1396 	jnb	acc.1,00102$
                                   1397 ;	usb.c:464: EPIE &= ~bmEP2IRQ; //disable this
      0004FE 90 F0 30         [24] 1398 	mov	dptr,#_EPIE
      000501 E0               [24] 1399 	movx	a,@dptr
      000502 53 E0 FD         [24] 1400 	anl	acc,#0xfd
      000505 F0               [24] 1401 	movx	@dptr,a
                                   1402 ;	usb.c:465: EPIRQ = bmEP2IRQ; //acknowledge it
      000506 90 F0 20         [24] 1403 	mov	dptr,#_EPIRQ
      000509 74 02            [12] 1404 	mov	a,#0x02
      00050B F0               [24] 1405 	movx	@dptr,a
                                   1406 ;	usb.c:466: usb_received_data_ready |= bmEP2IRQ;
      00050C 90r00r05         [24] 1407 	mov	dptr,#_usb_received_data_ready
      00050F E0               [24] 1408 	movx	a,@dptr
      000510 43 E0 02         [24] 1409 	orl	acc,#0x02
      000513 F0               [24] 1410 	movx	@dptr,a
      000514                       1411 00102$:
                                   1412 ;	usb.c:469: if (interrupts & bmEP4IRQ)
      000514 EF               [12] 1413 	mov	a,r7
      000515 30 E3 16         [24] 1414 	jnb	acc.3,00105$
                                   1415 ;	usb.c:471: EPIE &= ~bmEP4IRQ; //disable this
      000518 90 F0 30         [24] 1416 	mov	dptr,#_EPIE
      00051B E0               [24] 1417 	movx	a,@dptr
      00051C 53 E0 F7         [24] 1418 	anl	acc,#0xf7
      00051F F0               [24] 1419 	movx	@dptr,a
                                   1420 ;	usb.c:472: EPIRQ = bmEP4IRQ; //acknowledge it
      000520 90 F0 20         [24] 1421 	mov	dptr,#_EPIRQ
      000523 74 08            [12] 1422 	mov	a,#0x08
      000525 F0               [24] 1423 	movx	@dptr,a
                                   1424 ;	usb.c:473: usb_received_data_ready |= bmEP4IRQ;
      000526 90r00r05         [24] 1425 	mov	dptr,#_usb_received_data_ready
      000529 E0               [24] 1426 	movx	a,@dptr
      00052A 43 E0 08         [24] 1427 	orl	acc,#0x08
      00052D F0               [24] 1428 	movx	@dptr,a
      00052E                       1429 00105$:
                                   1430 ;	usb.c:475: }
      00052E D0 D0            [24] 1431 	pop	psw
      000530 D0 07            [24] 1432 	pop	ar7
      000532 D0 83            [24] 1433 	pop	dph
      000534 D0 82            [24] 1434 	pop	dpl
      000536 D0 E0            [24] 1435 	pop	acc
      000538 32               [24] 1436 	reti
                                   1437 ;	eliminated unneeded push/pop b
                                   1438 ;------------------------------------------------------------
                                   1439 ;Allocation info for local variables in function 'ResetEPs'
                                   1440 ;------------------------------------------------------------
                                   1441 ;	usb.c:477: static void ResetEPs()
                                   1442 ;	-----------------------------------------
                                   1443 ;	 function ResetEPs
                                   1444 ;	-----------------------------------------
      000539                       1445 _ResetEPs:
                                   1446 ;	usb.c:479: EPIE = bmEP2IRQ | bmEP4IRQ;
      000539 90 F0 30         [24] 1447 	mov	dptr,#_EPIE
      00053C 74 0A            [12] 1448 	mov	a,#0x0a
      00053E F0               [24] 1449 	movx	@dptr,a
                                   1450 ;	usb.c:480: EP1.cs = 0;
      00053F 90 F2 13         [24] 1451 	mov	dptr,#(_EP1 + 0x0013)
      000542 E4               [12] 1452 	clr	a
      000543 F0               [24] 1453 	movx	@dptr,a
                                   1454 ;	usb.c:481: EP2.cs = 0;
      000544 90 F2 53         [24] 1455 	mov	dptr,#(_EP2 + 0x0013)
      000547 F0               [24] 1456 	movx	@dptr,a
                                   1457 ;	usb.c:482: EP3.cs = 0;
      000548 90 F2 93         [24] 1458 	mov	dptr,#(_EP3 + 0x0013)
      00054B F0               [24] 1459 	movx	@dptr,a
                                   1460 ;	usb.c:483: EP4.cs = 0;
      00054C 90 F2 D3         [24] 1461 	mov	dptr,#(_EP4 + 0x0013)
      00054F F0               [24] 1462 	movx	@dptr,a
                                   1463 ;	usb.c:484: }
      000550 22               [24] 1464 	ret
                                   1465 ;------------------------------------------------------------
                                   1466 ;Allocation info for local variables in function 'HandleControlRequest'
                                   1467 ;------------------------------------------------------------
                                   1468 ;res                       Allocated to registers r7
                                   1469 ;------------------------------------------------------------
                                   1470 ;	usb.c:486: static void HandleControlRequest(void)
                                   1471 ;	-----------------------------------------
                                   1472 ;	 function HandleControlRequest
                                   1473 ;	-----------------------------------------
      000551                       1474 _HandleControlRequest:
                                   1475 ;	usb.c:489: switch(bmRequestType & 0x60)
      000551 AE*00            [24] 1476 	mov	r6,_bmRequestType
      000553 53 06 60         [24] 1477 	anl	ar6,#0x60
      000556 7F 00            [12] 1478 	mov	r7,#0x00
      000558 BE 00 05         [24] 1479 	cjne	r6,#0x00,00132$
      00055B BF 00 02         [24] 1480 	cjne	r7,#0x00,00132$
      00055E 80 10            [24] 1481 	sjmp	00101$
      000560                       1482 00132$:
      000560 BE 20 05         [24] 1483 	cjne	r6,#0x20,00133$
      000563 BF 00 02         [24] 1484 	cjne	r7,#0x00,00133$
      000566 80 0F            [24] 1485 	sjmp	00102$
      000568                       1486 00133$:
                                   1487 ;	usb.c:491: case 0:
      000568 BE 40 1A         [24] 1488 	cjne	r6,#0x40,00104$
      00056B BF 00 17         [24] 1489 	cjne	r7,#0x00,00104$
      00056E 80 0E            [24] 1490 	sjmp	00103$
      000570                       1491 00101$:
                                   1492 ;	usb.c:492: res = HandleStandardRequest();
      000570 12r00r00         [24] 1493 	lcall	_HandleStandardRequest
      000573 AF 82            [24] 1494 	mov	r7,dpl
                                   1495 ;	usb.c:493: break;
                                   1496 ;	usb.c:494: case 0x20:
      000575 80 10            [24] 1497 	sjmp	00105$
      000577                       1498 00102$:
                                   1499 ;	usb.c:495: res = HandleClassRequest();
      000577 12r00r00         [24] 1500 	lcall	_HandleClassRequest
      00057A AF 82            [24] 1501 	mov	r7,dpl
                                   1502 ;	usb.c:496: break;
                                   1503 ;	usb.c:497: case 0x40:
      00057C 80 09            [24] 1504 	sjmp	00105$
      00057E                       1505 00103$:
                                   1506 ;	usb.c:498: res = HandleVendorRequest();
      00057E 12r00r00         [24] 1507 	lcall	_HandleVendorRequest
      000581 AF 82            [24] 1508 	mov	r7,dpl
                                   1509 ;	usb.c:499: break;
                                   1510 ;	usb.c:500: default:
      000583 80 02            [24] 1511 	sjmp	00105$
      000585                       1512 00104$:
                                   1513 ;	usb.c:501: res = FALSE;
      000585 7F 00            [12] 1514 	mov	r7,#0x00
                                   1515 ;	usb.c:502: }
      000587                       1516 00105$:
                                   1517 ;	usb.c:504: if (!res)
      000587 EF               [12] 1518 	mov	a,r7
      000588 70 15            [24] 1519 	jnz	00108$
                                   1520 ;	usb.c:506: EP0CS = wLength ? bmEP0STALL : bmEP0NAK;
      00058A E5*06            [12] 1521 	mov	a,_wLength
      00058C 45*07            [12] 1522 	orl	a,(_wLength + 1)
      00058E 60 06            [24] 1523 	jz	00110$
      000590 7E 08            [12] 1524 	mov	r6,#0x08
      000592 7F 00            [12] 1525 	mov	r7,#0x00
      000594 80 04            [24] 1526 	sjmp	00111$
      000596                       1527 00110$:
      000596 7E 02            [12] 1528 	mov	r6,#0x02
      000598 7F 00            [12] 1529 	mov	r7,#0x00
      00059A                       1530 00111$:
      00059A 90 F0 48         [24] 1531 	mov	dptr,#_EP0CS
      00059D EE               [12] 1532 	mov	a,r6
      00059E F0               [24] 1533 	movx	@dptr,a
      00059F                       1534 00108$:
                                   1535 ;	usb.c:508: }
      00059F 22               [24] 1536 	ret
                                   1537 ;------------------------------------------------------------
                                   1538 ;Allocation info for local variables in function 'HandleUSBEvents'
                                   1539 ;------------------------------------------------------------
                                   1540 ;a                         Allocated to registers r7
                                   1541 ;b                         Allocated to registers r6
                                   1542 ;c                         Allocated to registers r5
                                   1543 ;d                         Allocated to registers r4
                                   1544 ;------------------------------------------------------------
                                   1545 ;	usb.c:510: void HandleUSBEvents(void)
                                   1546 ;	-----------------------------------------
                                   1547 ;	 function HandleUSBEvents
                                   1548 ;	-----------------------------------------
      0005A0                       1549 _HandleUSBEvents:
                                   1550 ;	usb.c:512: if (UsbIntStsF080 | UsbIntStsF082 | UsbIntStsF086 | UsbIntStsF087 | usb_irq)
      0005A0 90r00r02         [24] 1551 	mov	dptr,#_UsbIntStsF082
      0005A3 E0               [24] 1552 	movx	a,@dptr
      0005A4 FF               [12] 1553 	mov	r7,a
      0005A5 90r00r01         [24] 1554 	mov	dptr,#_UsbIntStsF080
      0005A8 E0               [24] 1555 	movx	a,@dptr
      0005A9 FE               [12] 1556 	mov	r6,a
      0005AA 4F               [12] 1557 	orl	a,r7
      0005AB FD               [12] 1558 	mov	r5,a
      0005AC 90r00r03         [24] 1559 	mov	dptr,#_UsbIntStsF086
      0005AF E0               [24] 1560 	movx	a,@dptr
      0005B0 42 05            [12] 1561 	orl	ar5,a
      0005B2 90r00r04         [24] 1562 	mov	dptr,#_UsbIntStsF087
      0005B5 E0               [24] 1563 	movx	a,@dptr
      0005B6 42 05            [12] 1564 	orl	ar5,a
      0005B8 90r00r00         [24] 1565 	mov	dptr,#_usb_irq
      0005BB E0               [24] 1566 	movx	a,@dptr
      0005BC FC               [12] 1567 	mov	r4,a
      0005BD 4D               [12] 1568 	orl	a,r5
      0005BE 60 76            [24] 1569 	jz	00144$
                                   1570 ;	usb.c:514: if (usb_irq)
      0005C0 EC               [12] 1571 	mov	a,r4
      0005C1 60 39            [24] 1572 	jz	00116$
                                   1573 ;	usb.c:516: if (usb_irq & 0x40)
      0005C3 EC               [12] 1574 	mov	a,r4
      0005C4 30 E6 24         [24] 1575 	jnb	acc.6,00105$
                                   1576 ;	usb.c:518: USBCTL &= ~bmAttach;
      0005C7 90 F0 08         [24] 1577 	mov	dptr,#_USBCTL
      0005CA E0               [24] 1578 	movx	a,@dptr
      0005CB 53 E0 7F         [24] 1579 	anl	acc,#0x7f
      0005CE F0               [24] 1580 	movx	@dptr,a
                                   1581 ;	usb.c:519: ResetEPs();
      0005CF 12r05r39         [24] 1582 	lcall	_ResetEPs
                                   1583 ;	usb.c:520: XVAL(0xFF88) = 0;
      0005D2 90 FF 88         [24] 1584 	mov	dptr,#0xff88
      0005D5 E4               [12] 1585 	clr	a
      0005D6 F0               [24] 1586 	movx	@dptr,a
                                   1587 ;	usb.c:521: XVAL(0xFF82) = 0x10;
      0005D7 90 FF 82         [24] 1588 	mov	dptr,#0xff82
      0005DA 74 10            [12] 1589 	mov	a,#0x10
      0005DC F0               [24] 1590 	movx	@dptr,a
                                   1591 ;	usb.c:522: while(XVAL(0xFF88)!=2);
      0005DD                       1592 00101$:
      0005DD 90 FF 88         [24] 1593 	mov	dptr,#0xff88
      0005E0 E0               [24] 1594 	movx	a,@dptr
      0005E1 FD               [12] 1595 	mov	r5,a
      0005E2 BD 02 F8         [24] 1596 	cjne	r5,#0x02,00101$
                                   1597 ;	usb.c:523: USBCTL = bmAttach;
      0005E5 90 F0 08         [24] 1598 	mov	dptr,#_USBCTL
      0005E8 74 80            [12] 1599 	mov	a,#0x80
      0005EA F0               [24] 1600 	movx	@dptr,a
      0005EB                       1601 00105$:
                                   1602 ;	usb.c:526: if (usb_irq & bmSpeedChange)
      0005EB 90r00r00         [24] 1603 	mov	dptr,#_usb_irq
      0005EE E0               [24] 1604 	movx	a,@dptr
      0005EF 30 E7 03         [24] 1605 	jnb	acc.7,00107$
                                   1606 ;	usb.c:528: ResetEPs();
      0005F2 12r05r39         [24] 1607 	lcall	_ResetEPs
      0005F5                       1608 00107$:
                                   1609 ;	usb.c:531: usb_irq = 0;
      0005F5 90r00r00         [24] 1610 	mov	dptr,#_usb_irq
      0005F8 E4               [12] 1611 	clr	a
      0005F9 F0               [24] 1612 	movx	@dptr,a
      0005FA 80 38            [24] 1613 	sjmp	00117$
      0005FC                       1614 00116$:
                                   1615 ;	usb.c:535: if (UsbIntStsF082 & 0xC0)
      0005FC EF               [12] 1616 	mov	a,r7
      0005FD 54 C0            [12] 1617 	anl	a,#0xc0
      0005FF 60 1B            [24] 1618 	jz	00113$
                                   1619 ;	usb.c:537: ResetEPs();
      000601 12r05r39         [24] 1620 	lcall	_ResetEPs
                                   1621 ;	usb.c:538: XVAL(0xF092) = 0;
      000604 90 F0 92         [24] 1622 	mov	dptr,#0xf092
      000607 E4               [12] 1623 	clr	a
      000608 F0               [24] 1624 	movx	@dptr,a
                                   1625 ;	usb.c:539: XVAL(0xF096) = 0;
      000609 90 F0 96         [24] 1626 	mov	dptr,#0xf096
      00060C F0               [24] 1627 	movx	@dptr,a
                                   1628 ;	usb.c:540: if (UsbIntStsF082 & 0x40)
      00060D 90r00r02         [24] 1629 	mov	dptr,#_UsbIntStsF082
      000610 E0               [24] 1630 	movx	a,@dptr
      000611 30 E6 0F         [24] 1631 	jnb	acc.6,00114$
                                   1632 ;	usb.c:542: XVAL(0xF07A) = 1;
      000614 90 F0 7A         [24] 1633 	mov	dptr,#0xf07a
      000617 74 01            [12] 1634 	mov	a,#0x01
      000619 F0               [24] 1635 	movx	@dptr,a
      00061A 80 07            [24] 1636 	sjmp	00114$
      00061C                       1637 00113$:
                                   1638 ;	usb.c:547: if (UsbIntStsF080 & 1)
      00061C EE               [12] 1639 	mov	a,r6
      00061D 30 E0 03         [24] 1640 	jnb	acc.0,00114$
                                   1641 ;	usb.c:549: HandleControlRequest();
      000620 12r05r51         [24] 1642 	lcall	_HandleControlRequest
      000623                       1643 00114$:
                                   1644 ;	usb.c:553: UsbIntStsF080 = 0;
      000623 90r00r01         [24] 1645 	mov	dptr,#_UsbIntStsF080
      000626 E4               [12] 1646 	clr	a
      000627 F0               [24] 1647 	movx	@dptr,a
                                   1648 ;	usb.c:554: UsbIntStsF082 = 0;
      000628 90r00r02         [24] 1649 	mov	dptr,#_UsbIntStsF082
      00062B F0               [24] 1650 	movx	@dptr,a
                                   1651 ;	usb.c:555: UsbIntStsF086 = 0;
      00062C 90r00r03         [24] 1652 	mov	dptr,#_UsbIntStsF086
      00062F F0               [24] 1653 	movx	@dptr,a
                                   1654 ;	usb.c:556: UsbIntStsF087 = 0;
      000630 90r00r04         [24] 1655 	mov	dptr,#_UsbIntStsF087
      000633 F0               [24] 1656 	movx	@dptr,a
      000634                       1657 00117$:
                                   1658 ;	usb.c:559: EX0 = 1;
                                   1659 ;	assignBit
      000634 D2 A8            [12] 1660 	setb	_EX0
                                   1661 ;	usb.c:563: if (1)//usb_received_data_ready)
      000636                       1662 00144$:
                                   1663 ;	usb.c:567: if (EP4.fifo_count > 0)
      000636 90 F2 DA         [24] 1664 	mov	dptr,#(_EP4 + 0x001a)
      000639 E0               [24] 1665 	movx	a,@dptr
      00063A 60 19            [24] 1666 	jz	00123$
                                   1667 ;	usb.c:569: EP4.cs = 0x40;
      00063C 90 F2 D3         [24] 1668 	mov	dptr,#(_EP4 + 0x0013)
      00063F 74 40            [12] 1669 	mov	a,#0x40
      000641 F0               [24] 1670 	movx	@dptr,a
                                   1671 ;	usb.c:571: send_keys_enabled = 1;
      000642 75*00 01         [24] 1672 	mov	_send_keys_enabled,#0x01
                                   1673 ;	usb.c:572: usb_received_data_ready &= ~bmEP4IRQ;
      000645 90r00r05         [24] 1674 	mov	dptr,#_usb_received_data_ready
      000648 E0               [24] 1675 	movx	a,@dptr
      000649 53 E0 F7         [24] 1676 	anl	acc,#0xf7
      00064C F0               [24] 1677 	movx	@dptr,a
                                   1678 ;	usb.c:573: EPIE |= bmEP4IRQ;
      00064D 90 F0 30         [24] 1679 	mov	dptr,#_EPIE
      000650 E0               [24] 1680 	movx	a,@dptr
      000651 43 E0 08         [24] 1681 	orl	acc,#0x08
      000654 F0               [24] 1682 	movx	@dptr,a
      000655                       1683 00123$:
                                   1684 ;	usb.c:577: if (usb_received_data_ready & bmEP2IRQ)
      000655 90r00r05         [24] 1685 	mov	dptr,#_usb_received_data_ready
      000658 E0               [24] 1686 	movx	a,@dptr
      000659 20 E1 03         [24] 1687 	jb	acc.1,00251$
      00065C 02r07rA2         [24] 1688 	ljmp	00145$
      00065F                       1689 00251$:
                                   1690 ;	usb.c:579: if (EP2.fifo_count == 31) //CBW size
      00065F 90 F2 5A         [24] 1691 	mov	dptr,#(_EP2 + 0x001a)
      000662 E0               [24] 1692 	movx	a,@dptr
      000663 FF               [12] 1693 	mov	r7,a
      000664 BF 1F 02         [24] 1694 	cjne	r7,#0x1f,00252$
      000667 80 03            [24] 1695 	sjmp	00253$
      000669                       1696 00252$:
      000669 02r07r8A         [24] 1697 	ljmp	00140$
      00066C                       1698 00253$:
                                   1699 ;	usb.c:583: scsi_data_residue = 0;
      00066C E4               [12] 1700 	clr	a
      00066D F5*00            [12] 1701 	mov	_scsi_data_residue,a
      00066F F5*01            [12] 1702 	mov	(_scsi_data_residue + 1),a
      000671 F5*02            [12] 1703 	mov	(_scsi_data_residue + 2),a
      000673 F5*03            [12] 1704 	mov	(_scsi_data_residue + 3),a
                                   1705 ;	usb.c:589: a = EP2.fifo;
      000675 90 F2 5C         [24] 1706 	mov	dptr,#(_EP2 + 0x001c)
      000678 E0               [24] 1707 	movx	a,@dptr
      000679 FF               [12] 1708 	mov	r7,a
                                   1709 ;	usb.c:590: b = EP2.fifo;
      00067A 90 F2 5C         [24] 1710 	mov	dptr,#(_EP2 + 0x001c)
      00067D E0               [24] 1711 	movx	a,@dptr
      00067E FE               [12] 1712 	mov	r6,a
                                   1713 ;	usb.c:591: c = EP2.fifo;
      00067F 90 F2 5C         [24] 1714 	mov	dptr,#(_EP2 + 0x001c)
      000682 E0               [24] 1715 	movx	a,@dptr
      000683 FD               [12] 1716 	mov	r5,a
                                   1717 ;	usb.c:592: d = EP2.fifo;
      000684 90 F2 5C         [24] 1718 	mov	dptr,#(_EP2 + 0x001c)
      000687 E0               [24] 1719 	movx	a,@dptr
      000688 FC               [12] 1720 	mov	r4,a
                                   1721 ;	usb.c:593: if ((a=='U') && (b=='S') && (c=='B') && (d=='C'))
      000689 BF 55 02         [24] 1722 	cjne	r7,#0x55,00254$
      00068C 80 03            [24] 1723 	sjmp	00255$
      00068E                       1724 00254$:
      00068E 02r07r80         [24] 1725 	ljmp	00134$
      000691                       1726 00255$:
      000691 BE 53 02         [24] 1727 	cjne	r6,#0x53,00256$
      000694 80 03            [24] 1728 	sjmp	00257$
      000696                       1729 00256$:
      000696 02r07r80         [24] 1730 	ljmp	00134$
      000699                       1731 00257$:
      000699 BD 42 02         [24] 1732 	cjne	r5,#0x42,00258$
      00069C 80 03            [24] 1733 	sjmp	00259$
      00069E                       1734 00258$:
      00069E 02r07r80         [24] 1735 	ljmp	00134$
      0006A1                       1736 00259$:
      0006A1 BC 43 02         [24] 1737 	cjne	r4,#0x43,00260$
      0006A4 80 03            [24] 1738 	sjmp	00261$
      0006A6                       1739 00260$:
      0006A6 02r07r80         [24] 1740 	ljmp	00134$
      0006A9                       1741 00261$:
                                   1742 ;	usb.c:595: scsi_tag[0] = EP2.fifo;
      0006A9 90 F2 5C         [24] 1743 	mov	dptr,#(_EP2 + 0x001c)
      0006AC E0               [24] 1744 	movx	a,@dptr
      0006AD FF               [12] 1745 	mov	r7,a
      0006AE 8F*00            [24] 1746 	mov	_scsi_tag,r7
                                   1747 ;	usb.c:596: scsi_tag[1] = EP2.fifo;
      0006B0 90 F2 5C         [24] 1748 	mov	dptr,#(_EP2 + 0x001c)
      0006B3 E0               [24] 1749 	movx	a,@dptr
      0006B4 FF               [12] 1750 	mov	r7,a
      0006B5 8F*01            [24] 1751 	mov	(_scsi_tag + 0x0001),r7
                                   1752 ;	usb.c:597: scsi_tag[2] = EP2.fifo;
      0006B7 90 F2 5C         [24] 1753 	mov	dptr,#(_EP2 + 0x001c)
      0006BA E0               [24] 1754 	movx	a,@dptr
      0006BB FF               [12] 1755 	mov	r7,a
      0006BC 8F*02            [24] 1756 	mov	(_scsi_tag + 0x0002),r7
                                   1757 ;	usb.c:598: scsi_tag[3] = EP2.fifo;
      0006BE 90 F2 5C         [24] 1758 	mov	dptr,#(_EP2 + 0x001c)
      0006C1 E0               [24] 1759 	movx	a,@dptr
      0006C2 FF               [12] 1760 	mov	r7,a
      0006C3 8F*03            [24] 1761 	mov	(_scsi_tag + 0x0003),r7
                                   1762 ;	usb.c:599: scsi_transfer_size = EP2.fifo;
      0006C5 90 F2 5C         [24] 1763 	mov	dptr,#(_EP2 + 0x001c)
      0006C8 E0               [24] 1764 	movx	a,@dptr
      0006C9 FF               [12] 1765 	mov	r7,a
      0006CA 8F*00            [24] 1766 	mov	_scsi_transfer_size,r7
      0006CC 75*01 00         [24] 1767 	mov	(_scsi_transfer_size + 1),#0x00
      0006CF 75*02 00         [24] 1768 	mov	(_scsi_transfer_size + 2),#0x00
      0006D2 75*03 00         [24] 1769 	mov	(_scsi_transfer_size + 3),#0x00
                                   1770 ;	usb.c:600: scsi_transfer_size |= ((DWORD)EP2.fifo)<<8;
      0006D5 90 F2 5C         [24] 1771 	mov	dptr,#(_EP2 + 0x001c)
      0006D8 E0               [24] 1772 	movx	a,@dptr
      0006D9 FF               [12] 1773 	mov	r7,a
      0006DA 7E 00            [12] 1774 	mov	r6,#0x00
      0006DC 7D 00            [12] 1775 	mov	r5,#0x00
      0006DE 8D 04            [24] 1776 	mov	ar4,r5
      0006E0 8E 05            [24] 1777 	mov	ar5,r6
      0006E2 8F 06            [24] 1778 	mov	ar6,r7
      0006E4 E4               [12] 1779 	clr	a
      0006E5 42*00            [12] 1780 	orl	_scsi_transfer_size,a
      0006E7 EE               [12] 1781 	mov	a,r6
      0006E8 42*01            [12] 1782 	orl	(_scsi_transfer_size + 1),a
      0006EA ED               [12] 1783 	mov	a,r5
      0006EB 42*02            [12] 1784 	orl	(_scsi_transfer_size + 2),a
      0006ED EC               [12] 1785 	mov	a,r4
      0006EE 42*03            [12] 1786 	orl	(_scsi_transfer_size + 3),a
                                   1787 ;	usb.c:601: scsi_transfer_size |= ((DWORD)EP2.fifo)<<16;
      0006F0 90 F2 5C         [24] 1788 	mov	dptr,#(_EP2 + 0x001c)
      0006F3 E0               [24] 1789 	movx	a,@dptr
      0006F4 FF               [12] 1790 	mov	r7,a
      0006F5 7E 00            [12] 1791 	mov	r6,#0x00
      0006F7 8E 04            [24] 1792 	mov	ar4,r6
      0006F9 8F 05            [24] 1793 	mov	ar5,r7
      0006FB E4               [12] 1794 	clr	a
      0006FC FE               [12] 1795 	mov	r6,a
      0006FD 42*00            [12] 1796 	orl	_scsi_transfer_size,a
      0006FF EE               [12] 1797 	mov	a,r6
      000700 42*01            [12] 1798 	orl	(_scsi_transfer_size + 1),a
      000702 ED               [12] 1799 	mov	a,r5
      000703 42*02            [12] 1800 	orl	(_scsi_transfer_size + 2),a
      000705 EC               [12] 1801 	mov	a,r4
      000706 42*03            [12] 1802 	orl	(_scsi_transfer_size + 3),a
                                   1803 ;	usb.c:602: scsi_transfer_size |= ((DWORD)EP2.fifo)<<24;
      000708 90 F2 5C         [24] 1804 	mov	dptr,#(_EP2 + 0x001c)
      00070B E0               [24] 1805 	movx	a,@dptr
      00070C FC               [12] 1806 	mov	r4,a
      00070D E4               [12] 1807 	clr	a
      00070E FF               [12] 1808 	mov	r7,a
      00070F FE               [12] 1809 	mov	r6,a
      000710 FD               [12] 1810 	mov	r5,a
      000711 EF               [12] 1811 	mov	a,r7
      000712 42*00            [12] 1812 	orl	_scsi_transfer_size,a
      000714 EE               [12] 1813 	mov	a,r6
      000715 42*01            [12] 1814 	orl	(_scsi_transfer_size + 1),a
      000717 ED               [12] 1815 	mov	a,r5
      000718 42*02            [12] 1816 	orl	(_scsi_transfer_size + 2),a
      00071A EC               [12] 1817 	mov	a,r4
      00071B 42*03            [12] 1818 	orl	(_scsi_transfer_size + 3),a
                                   1819 ;	usb.c:603: scsi_dir_in = EP2.fifo & 0x80;
      00071D 90 F2 5C         [24] 1820 	mov	dptr,#(_EP2 + 0x001c)
      000720 E0               [24] 1821 	movx	a,@dptr
      000721 FF               [12] 1822 	mov	r7,a
      000722 74 80            [12] 1823 	mov	a,#0x80
      000724 5F               [12] 1824 	anl	a,r7
      000725 F5*00            [12] 1825 	mov	_scsi_dir_in,a
                                   1826 ;	usb.c:604: scsi_lun = EP2.fifo;
      000727 90 F2 5C         [24] 1827 	mov	dptr,#(_EP2 + 0x001c)
      00072A E0               [24] 1828 	movx	a,@dptr
      00072B F5*00            [12] 1829 	mov	_scsi_lun,a
                                   1830 ;	usb.c:605: scsi_cdb_size = EP2.fifo;
      00072D 90 F2 5C         [24] 1831 	mov	dptr,#(_EP2 + 0x001c)
      000730 E0               [24] 1832 	movx	a,@dptr
      000731 F5*00            [12] 1833 	mov	_scsi_cdb_size,a
                                   1834 ;	usb.c:606: for(a = 0; a < 16; a++)
      000733 7F 00            [12] 1835 	mov	r7,#0x00
      000735                       1836 00148$:
                                   1837 ;	usb.c:608: scsi_cdb[a] = EP2.fifo;
      000735 EF               [12] 1838 	mov	a,r7
      000736 24r00            [12] 1839 	add	a,#_scsi_cdb
      000738 F9               [12] 1840 	mov	r1,a
      000739 90 F2 5C         [24] 1841 	mov	dptr,#(_EP2 + 0x001c)
      00073C E0               [24] 1842 	movx	a,@dptr
      00073D F7               [12] 1843 	mov	@r1,a
                                   1844 ;	usb.c:606: for(a = 0; a < 16; a++)
      00073E 0F               [12] 1845 	inc	r7
      00073F BF 10 00         [24] 1846 	cjne	r7,#0x10,00262$
      000742                       1847 00262$:
      000742 40 F1            [24] 1848 	jc	00148$
                                   1849 ;	usb.c:611: EP2.cs = 0x40;
      000744 90 F2 53         [24] 1850 	mov	dptr,#(_EP2 + 0x0013)
      000747 74 40            [12] 1851 	mov	a,#0x40
      000749 F0               [24] 1852 	movx	@dptr,a
                                   1853 ;	usb.c:612: if (!HandleCDB())
      00074A 12r00r00         [24] 1854 	lcall	_HandleCDB
      00074D E5 82            [12] 1855 	mov	a,dpl
      00074F 70 27            [24] 1856 	jnz	00132$
                                   1857 ;	usb.c:614: scsi_status = 1;
      000751 75*00 01         [24] 1858 	mov	_scsi_status,#0x01
                                   1859 ;	usb.c:615: if (scsi_transfer_size == 0)
      000754 E5*00            [12] 1860 	mov	a,_scsi_transfer_size
      000756 45*01            [12] 1861 	orl	a,(_scsi_transfer_size + 1)
      000758 45*02            [12] 1862 	orl	a,(_scsi_transfer_size + 2)
      00075A 45*03            [12] 1863 	orl	a,(_scsi_transfer_size + 3)
      00075C 70 08            [24] 1864 	jnz	00129$
                                   1865 ;	usb.c:617: EP1.cs = bmSTALL;
      00075E 90 F2 13         [24] 1866 	mov	dptr,#(_EP1 + 0x0013)
      000761 74 02            [12] 1867 	mov	a,#0x02
      000763 F0               [24] 1868 	movx	@dptr,a
      000764 80 12            [24] 1869 	sjmp	00132$
      000766                       1870 00129$:
                                   1871 ;	usb.c:619: else if (scsi_dir_in)
      000766 E5*00            [12] 1872 	mov	a,_scsi_dir_in
      000768 60 08            [24] 1873 	jz	00126$
                                   1874 ;	usb.c:621: EP1.cs = bmSTALL;
      00076A 90 F2 13         [24] 1875 	mov	dptr,#(_EP1 + 0x0013)
      00076D 74 02            [12] 1876 	mov	a,#0x02
      00076F F0               [24] 1877 	movx	@dptr,a
      000770 80 06            [24] 1878 	sjmp	00132$
      000772                       1879 00126$:
                                   1880 ;	usb.c:625: EP2.cs = bmSTALL;
      000772 90 F2 53         [24] 1881 	mov	dptr,#(_EP2 + 0x0013)
      000775 74 02            [12] 1882 	mov	a,#0x02
      000777 F0               [24] 1883 	movx	@dptr,a
      000778                       1884 00132$:
                                   1885 ;	usb.c:629: usb_have_csw_ready = 1;
      000778 90r00r06         [24] 1886 	mov	dptr,#_usb_have_csw_ready
      00077B 74 01            [12] 1887 	mov	a,#0x01
      00077D F0               [24] 1888 	movx	@dptr,a
      00077E 80 12            [24] 1889 	sjmp	00141$
      000780                       1890 00134$:
                                   1891 ;	usb.c:633: EP2.cs = 0x40;
                                   1892 ;	usb.c:634: EP2.cs = 4;
      000780 90 F2 53         [24] 1893 	mov	dptr,#(_EP2 + 0x0013)
      000783 74 40            [12] 1894 	mov	a,#0x40
      000785 F0               [24] 1895 	movx	@dptr,a
      000786 C4               [12] 1896 	swap	a
      000787 F0               [24] 1897 	movx	@dptr,a
      000788 80 08            [24] 1898 	sjmp	00141$
      00078A                       1899 00140$:
                                   1900 ;	usb.c:639: EP2.cs = 0x40;
                                   1901 ;	usb.c:640: EP2.cs = 4;
      00078A 90 F2 53         [24] 1902 	mov	dptr,#(_EP2 + 0x0013)
      00078D 74 40            [12] 1903 	mov	a,#0x40
      00078F F0               [24] 1904 	movx	@dptr,a
      000790 C4               [12] 1905 	swap	a
      000791 F0               [24] 1906 	movx	@dptr,a
      000792                       1907 00141$:
                                   1908 ;	usb.c:643: usb_received_data_ready &= ~bmEP2IRQ;
      000792 90r00r05         [24] 1909 	mov	dptr,#_usb_received_data_ready
      000795 E0               [24] 1910 	movx	a,@dptr
      000796 53 E0 FD         [24] 1911 	anl	acc,#0xfd
      000799 F0               [24] 1912 	movx	@dptr,a
                                   1913 ;	usb.c:644: EPIE |= bmEP2IRQ;
      00079A 90 F0 30         [24] 1914 	mov	dptr,#_EPIE
      00079D E0               [24] 1915 	movx	a,@dptr
      00079E 43 E0 02         [24] 1916 	orl	acc,#0x02
      0007A1 F0               [24] 1917 	movx	@dptr,a
      0007A2                       1918 00145$:
                                   1919 ;	usb.c:648: if (usb_have_csw_ready)
      0007A2 90r00r06         [24] 1920 	mov	dptr,#_usb_have_csw_ready
      0007A5 E0               [24] 1921 	movx	a,@dptr
      0007A6 60 03            [24] 1922 	jz	00150$
                                   1923 ;	usb.c:650: SendCSW2();
                                   1924 ;	usb.c:652: }
      0007A8 02r01r8E         [24] 1925 	ljmp	_SendCSW2
      0007AB                       1926 00150$:
      0007AB 22               [24] 1927 	ret
                                   1928 	.area CSEG    (CODE)
                                   1929 	.area CONST   (CODE)
                                   1930 	.area XINIT   (CODE)
                                   1931 	.area CABS    (ABS,CODE)
